{
    "html_attributions": [],
    "results": [
        {
            "business_status": "OPERATIONAL",
            "geometry": {
                "location": {
                    "lat": 12.637074,
                    "lng": 78.098846
                },
                "viewport": {
                    "northeast": {
                        "lat": 12.64033065,
                        "lng": 78.10058444999999
                    },
                    "southwest": {
                        "lat": 12.63598845,
                        "lng": 78.09363065
                    }
                }
            },
            "icon": "https://maps.gstatic.com/mapfiles/place_api/icons/v1/png_71/generic_business-71.png",
            "icon_background_color": "#13B5C7",
            "icon_mask_base_uri": "https://maps.gstatic.com/mapfiles/place_api/icons/v2/generic_pinlet",
            "name": "Mallachandram dolmen",
            "opening_hours": {
                "open_now": true
            },
            "photos": [
                {
                    "height": 4032,
                    "html_attributions": [
                        "<a href=\"https://maps.google.com/maps/contrib/103945449363155703155\">dhanarasu .t</a>"
                    ],
                    "photo_reference": "AcYSjRhjP_0OHNR10kkgMtirii-ITH4cicFfPh04dtbgooxs4ENbk5uGo9OCnx9J3RsWpgVIcUNkPgKAM3okrwJfPL8fiGbtHPuuGfYXh_9UuJPZ4JkMZDuH_9w-O-RlaqZK7wIlIHBdDB8g07xlfVUy-KK-5I4idpbGeKPZwztz7VTx9mt-",
                    "width": 3024
                }
            ],
            "place_id": "ChIJTSElhfDRrTsRRc6xz6si4c0",
            "rating": 4,
            "reference": "ChIJTSElhfDRrTsRRc6xz6si4c0",
            "scope": "GOOGLE",
            "types": [
                "point_of_interest",
                "establishment"
            ],
            "user_ratings_total": 31,
            "vicinity": "J3PX+RGH, Krishnagiri"
        },
        {
            "business_status": "OPERATIONAL",
            "geometry": {
                "location": {
                    "lat": 12.5383611,
                    "lng": 78.214565
                },
                "viewport": {
                    "northeast": {
                        "lat": 12.5423847,
                        "lng": 78.21688129999998
                    },
                    "southwest": {
                        "lat": 12.5370199,
                        "lng": 78.2137929
                    }
                }
            },
            "icon": "https://maps.gstatic.com/mapfiles/place_api/icons/v1/png_71/generic_business-71.png",
            "icon_background_color": "#7B9EB0",
            "icon_mask_base_uri": "https://maps.gstatic.com/mapfiles/place_api/icons/v2/generic_pinlet",
            "name": "Krishnagiri Fort",
            "opening_hours": {},
            "photos": [
                {
                    "height": 527,
                    "html_attributions": [
                        "<a href=\"https://maps.google.com/maps/contrib/112205745441069724101\">Sreenath v r</a>"
                    ],
                    "photo_reference": "AcYSjRgk2mBTnRxB6izg2-AMFi5Z-daVUe69GXIzShywbzHJ_DRy9k59PtrA15CRVvg6TJdqVv2P6jATWr9nYA1hXYtRhM4azAUIpD50TRJ43A1wvuWiKjVKqiHwqbfavazBlb4lkvV3En23DXNYVqgQfRLJI95-7FylrbBHzDqxHb97Jv0H",
                    "width": 643
                }
            ],
            "place_id": "ChIJERfM9bE0rDsRuX-lSTZvx_4",
            "rating": 4.2,
            "reference": "ChIJERfM9bE0rDsRuX-lSTZvx_4",
            "scope": "GOOGLE",
            "types": [
                "tourist_attraction",
                "point_of_interest",
                "establishment"
            ],
            "user_ratings_total": 1240,
            "vicinity": "G6Q7+8RW, Near, New Bus Stand Road, New Housing Unit, Krishnagiri"
        },
        {
            "business_status": "OPERATIONAL",
            "geometry": {
                "location": {
                    "lat": 12.5245893,
                    "lng": 78.1958154
                },
                "viewport": {
                    "northeast": {
                        "lat": 12.52593912989272,
                        "lng": 78.19716522989273
                    },
                    "southwest": {
                        "lat": 12.52323947010728,
                        "lng": 78.19446557010728
                    }
                }
            },
            "icon": "https://maps.gstatic.com/mapfiles/place_api/icons/v1/png_71/generic_business-71.png",
            "icon_background_color": "#7B9EB0",
            "icon_mask_base_uri": "https://maps.gstatic.com/mapfiles/place_api/icons/v2/generic_pinlet",
            "name": "Granites India",
            "opening_hours": {
                "open_now": true
            },
            "photos": [
                {
                    "height": 720,
                    "html_attributions": [
                        "<a href=\"https://maps.google.com/maps/contrib/101973018081500997455\">A Google User</a>"
                    ],
                    "photo_reference": "AcYSjRjncQpWnA5BEEH6PvHjsESQ3IVgPFkAQTaaKrJZP8sepbQcs0n8oSajRUaiS0qg5dn5MsD8h07X9zcwykgevWDL0LfZGi5FxuNF9lIKODXXNtNhXmyS5yJ9r5HiCsc0A0jQaX2WJXoT9TtEHejv6I0bVbanLgxSkS0rgNsJV9VqQHWU",
                    "width": 1280
                }
            ],
            "place_id": "ChIJibfN6p40rDsRvVu4M-FvxT0",
            "plus_code": {
                "compound_code": "G5FW+R8 Krishnagiri, Tamil Nadu",
                "global_code": "7J4WG5FW+R8"
            },
            "rating": 5,
            "reference": "ChIJibfN6p40rDsRvVu4M-FvxT0",
            "scope": "GOOGLE",
            "types": [
                "point_of_interest",
                "establishment"
            ],
            "user_ratings_total": 5,
            "vicinity": "Rayakottai Rd, TNHB Second Phase, Wahab Nagar, Krishnagiri"
        }
    ],
    "status": "OK"
}