{
    "html_attributions": [],
    "results": [
        {
            "business_status": "OPERATIONAL",
            "geometry": {
                "location": {
                    "lat": 12.642149,
                    "lng": 77.98945189999999
                },
                "viewport": {
                    "northeast": {
                        "lat": 12.64354307989272,
                        "lng": 77.99082472989272
                    },
                    "southwest": {
                        "lat": 12.64084342010728,
                        "lng": 77.98812507010727
                    }
                }
            },
            "icon": "https://maps.gstatic.com/mapfiles/place_api/icons/v1/png_71/generic_business-71.png",
            "icon_background_color": "#7B9EB0",
            "icon_mask_base_uri": "https://maps.gstatic.com/mapfiles/place_api/icons/v2/generic_pinlet",
            "name": "Aryan Granites & Monuments Pvt Ltd",
            "photos": [
                {
                    "height": 2604,
                    "html_attributions": [
                        "<a href=\"https://maps.google.com/maps/contrib/102847319395243944156\">A Google User</a>"
                    ],
                    "photo_reference": "AcYSjRhYlBZRllgUShjylRI-9Gx2wsRuXV7dgMkH-0MTjOvBgPOBlkOmyvXA09q6shlbqTVrzH75kPJxFdOwJT29v6OV12tfSOx3BjHijW93vskO7zjNXeLqW6YbkyziN-AcfrKKywAFSuCYJzylYneg9_pkczJL3cRTAAvDqRJcCsgbLjpx",
                    "width": 4624
                }
            ],
            "place_id": "ChIJt1u2_YzXrTsRi-3ehaGF3t0",
            "plus_code": {
                "compound_code": "JXRQ+VQ Puramdinna, Tamil Nadu",
                "global_code": "7J4VJXRQ+VQ"
            },
            "rating": 4.2,
            "reference": "ChIJt1u2_YzXrTsRi-3ehaGF3t0",
            "scope": "GOOGLE",
            "types": [
                "point_of_interest",
                "establishment"
            ],
            "user_ratings_total": 16,
            "vicinity": "Shoolagiri - Uddanapalli Rd, Hosur"
        },
        {
            "business_status": "OPERATIONAL",
            "geometry": {
                "location": {
                    "lat": 12.637074,
                    "lng": 78.098846
                },
                "viewport": {
                    "northeast": {
                        "lat": 12.64033065,
                        "lng": 78.10058444999999
                    },
                    "southwest": {
                        "lat": 12.63598845,
                        "lng": 78.09363065
                    }
                }
            },
            "icon": "https://maps.gstatic.com/mapfiles/place_api/icons/v1/png_71/generic_business-71.png",
            "icon_background_color": "#13B5C7",
            "icon_mask_base_uri": "https://maps.gstatic.com/mapfiles/place_api/icons/v2/generic_pinlet",
            "name": "Mallachandram dolmen",
            "opening_hours": {
                "open_now": true
            },
            "photos": [
                {
                    "height": 4032,
                    "html_attributions": [
                        "<a href=\"https://maps.google.com/maps/contrib/103945449363155703155\">dhanarasu .t</a>"
                    ],
                    "photo_reference": "AcYSjRggdz5j7_4bd-3RzsvC8Q384BuT0aTk_ZNT_05NvE0CMXLc_a72-nPL9NSgbmE-kMn9JqDg7uxnTVB9ogF5wu75hqQnH7qBmBOtrTQ78Cwc7LBegzyKps6l9QVON9I38BN0P5nzIIyejHougzvGFZEq9S4bp_GlQkOPy7iLsDHb2eQ5",
                    "width": 3024
                }
            ],
            "place_id": "ChIJTSElhfDRrTsRRc6xz6si4c0",
            "rating": 4,
            "reference": "ChIJTSElhfDRrTsRRc6xz6si4c0",
            "scope": "GOOGLE",
            "types": [
                "point_of_interest",
                "establishment"
            ],
            "user_ratings_total": 31,
            "vicinity": "J3PX+RGH, Krishnagiri"
        },
        {
            "business_status": "OPERATIONAL",
            "geometry": {
                "location": {
                    "lat": 12.6825088,
                    "lng": 77.98376859999999
                },
                "viewport": {
                    "northeast": {
                        "lat": 12.68379037989272,
                        "lng": 77.98511617989271
                    },
                    "southwest": {
                        "lat": 12.68109072010728,
                        "lng": 77.98241652010728
                    }
                }
            },
            "icon": "https://maps.gstatic.com/mapfiles/place_api/icons/v1/png_71/generic_business-71.png",
            "icon_background_color": "#7B9EB0",
            "icon_mask_base_uri": "https://maps.gstatic.com/mapfiles/place_api/icons/v2/generic_pinlet",
            "name": "Pacific Granites India Pvt. Ltd. | Granite Manufacturer and Exporter India",
            "opening_hours": {
                "open_now": false
            },
            "photos": [
                {
                    "height": 720,
                    "html_attributions": [
                        "<a href=\"https://maps.google.com/maps/contrib/105470107803940055654\">A Google User</a>"
                    ],
                    "photo_reference": "AcYSjRhhzBZbjlyYSfHq_q8ASccyU6O3CkNsos3_xrf_R0Nv2vr2lRtX6_2otb9qzietAe4jb2I5zmYp5Z0EmeLqR-cS-qbQ0NODhZznoK-G19qYNIojBFf03Kn0K6blMxedbTtOJIqnYsKCBu_ZScZ8L-pH5aAMSs1fLS6fMHqANybl7C_J",
                    "width": 1280
                }
            ],
            "place_id": "ChIJq4gIegXXrTsRdpeusF2M_Ss",
            "plus_code": {
                "compound_code": "MXMM+2G Gundugurki, Tamil Nadu",
                "global_code": "7J4VMXMM+2G"
            },
            "rating": 4.8,
            "reference": "ChIJq4gIegXXrTsRdpeusF2M_Ss",
            "scope": "GOOGLE",
            "types": [
                "point_of_interest",
                "establishment"
            ],
            "user_ratings_total": 18,
            "vicinity": "Pacific Granites india Pvt. Ltd Kundumaranapalli Road Nallaganakothapalli, Hosur"
        },
        {
            "business_status": "OPERATIONAL",
            "geometry": {
                "location": {
                    "lat": 12.6536631,
                    "lng": 78.0006147
                },
                "viewport": {
                    "northeast": {
                        "lat": 12.65511447989272,
                        "lng": 78.00188467989273
                    },
                    "southwest": {
                        "lat": 12.65241482010728,
                        "lng": 77.99918502010728
                    }
                }
            },
            "icon": "https://maps.gstatic.com/mapfiles/place_api/icons/v1/png_71/generic_business-71.png",
            "icon_background_color": "#7B9EB0",
            "icon_mask_base_uri": "https://maps.gstatic.com/mapfiles/place_api/icons/v2/generic_pinlet",
            "name": "Oswal Granites",
            "opening_hours": {},
            "photos": [
                {
                    "height": 3000,
                    "html_attributions": [
                        "<a href=\"https://maps.google.com/maps/contrib/117552273554994029540\">sachin patil</a>"
                    ],
                    "photo_reference": "AcYSjRgFwpuRQ6uVeIwTyRX_2BENYx_1m6jn50yYefovbLao7QMG5lw3Cqv8WG85KBWTb0joDhbX4Hb-VAMNf-euMpaVNj_oj_oaxEMOpzFwGJozpxJzkxq9yJ0hrDjr-aFEiZYRP0VSEBgPwjSNq_cMzyCCI_TJABXmUjK5xVLl065GArlK",
                    "width": 4000
                }
            ],
            "place_id": "ChIJEQNR28PWrTsRd6v_wcvCIs8",
            "rating": 4,
            "reference": "ChIJEQNR28PWrTsRd6v_wcvCIs8",
            "scope": "GOOGLE",
            "types": [
                "point_of_interest",
                "establishment"
            ],
            "user_ratings_total": 6,
            "vicinity": "M232+F69, Shoolagiri - Uddanapalli Rd, Shoolagiri"
        }
    ],
    "status": "OK"
}