{
    "html_attributions": [],
    "results": [
        {
            "business_status": "OPERATIONAL",
            "geometry": {
                "location": {
                    "lat": 12.642149,
                    "lng": 77.98945189999999
                },
                "viewport": {
                    "northeast": {
                        "lat": 12.64354307989272,
                        "lng": 77.99082472989272
                    },
                    "southwest": {
                        "lat": 12.64084342010728,
                        "lng": 77.98812507010727
                    }
                }
            },
            "icon": "https://maps.gstatic.com/mapfiles/place_api/icons/v1/png_71/generic_business-71.png",
            "icon_background_color": "#7B9EB0",
            "icon_mask_base_uri": "https://maps.gstatic.com/mapfiles/place_api/icons/v2/generic_pinlet",
            "name": "Aryan Granites & Monuments Pvt Ltd",
            "photos": [
                {
                    "height": 2604,
                    "html_attributions": [
                        "<a href=\"https://maps.google.com/maps/contrib/102847319395243944156\">A Google User</a>"
                    ],
                    "photo_reference": "AcYSjRii5uvKjCNEt4Zwydz6jHpB8WOzCt9bR2b0wp206C8cYVr-FdnRLk6Mhc_u0kMIDp93w1MTWu-HAxJS1DUZUBXgkzxNFjlikjpXdeuU4R7FunLdIOfoSts611neMp_mIjXIomV8x5-gI-tKBgwbNQu89l7VEY7PZDTK_gKJzF_Np29W",
                    "width": 4624
                }
            ],
            "place_id": "ChIJt1u2_YzXrTsRi-3ehaGF3t0",
            "plus_code": {
                "compound_code": "JXRQ+VQ Puramdinna, Tamil Nadu",
                "global_code": "7J4VJXRQ+VQ"
            },
            "rating": 4.2,
            "reference": "ChIJt1u2_YzXrTsRi-3ehaGF3t0",
            "scope": "GOOGLE",
            "types": [
                "point_of_interest",
                "establishment"
            ],
            "user_ratings_total": 16,
            "vicinity": "Shoolagiri - Uddanapalli Rd, Hosur"
        },
        {
            "business_status": "OPERATIONAL",
            "geometry": {
                "location": {
                    "lat": 12.6825088,
                    "lng": 77.98376859999999
                },
                "viewport": {
                    "northeast": {
                        "lat": 12.68379037989272,
                        "lng": 77.98511617989271
                    },
                    "southwest": {
                        "lat": 12.68109072010728,
                        "lng": 77.98241652010728
                    }
                }
            },
            "icon": "https://maps.gstatic.com/mapfiles/place_api/icons/v1/png_71/generic_business-71.png",
            "icon_background_color": "#7B9EB0",
            "icon_mask_base_uri": "https://maps.gstatic.com/mapfiles/place_api/icons/v2/generic_pinlet",
            "name": "Pacific Granites India Pvt. Ltd. | Granite Manufacturer and Exporter India",
            "opening_hours": {
                "open_now": false
            },
            "photos": [
                {
                    "height": 720,
                    "html_attributions": [
                        "<a href=\"https://maps.google.com/maps/contrib/105470107803940055654\">A Google User</a>"
                    ],
                    "photo_reference": "AcYSjRgkwLsaD_IEo2y1deNuAOJK715YSpNMxsPQRTTC7Gsv7kQQjfkv_40yEbNRDnCC5gObgjl0_H1wxuS0qrj4AywsJVczucgiSjd6DY6jA2bxoqMozgToJdeAeknhxh3XuBdJh-Nnou--RSC3x2dtzNaGEr1I88YZyF9rhSvs0dChkEE7",
                    "width": 1280
                }
            ],
            "place_id": "ChIJq4gIegXXrTsRdpeusF2M_Ss",
            "plus_code": {
                "compound_code": "MXMM+2G Gundugurki, Tamil Nadu",
                "global_code": "7J4VMXMM+2G"
            },
            "rating": 4.8,
            "reference": "ChIJq4gIegXXrTsRdpeusF2M_Ss",
            "scope": "GOOGLE",
            "types": [
                "point_of_interest",
                "establishment"
            ],
            "user_ratings_total": 18,
            "vicinity": "Pacific Granites india Pvt. Ltd Kundumaranapalli Road Nallaganakothapalli, Hosur"
        },
        {
            "business_status": "OPERATIONAL",
            "geometry": {
                "location": {
                    "lat": 12.6536631,
                    "lng": 78.0006147
                },
                "viewport": {
                    "northeast": {
                        "lat": 12.65511447989272,
                        "lng": 78.00188467989273
                    },
                    "southwest": {
                        "lat": 12.65241482010728,
                        "lng": 77.99918502010728
                    }
                }
            },
            "icon": "https://maps.gstatic.com/mapfiles/place_api/icons/v1/png_71/generic_business-71.png",
            "icon_background_color": "#7B9EB0",
            "icon_mask_base_uri": "https://maps.gstatic.com/mapfiles/place_api/icons/v2/generic_pinlet",
            "name": "Oswal Granites",
            "opening_hours": {},
            "photos": [
                {
                    "height": 3000,
                    "html_attributions": [
                        "<a href=\"https://maps.google.com/maps/contrib/117552273554994029540\">sachin patil</a>"
                    ],
                    "photo_reference": "AcYSjRjurSx6nfGtxEq4l13_qv5oDs_i2_aAIIJ12OX2qJ-G0ZVXjntLipEI9hO_sJQ171xmz83C1mpc1u8rAzqTIHSHW5lvtof_hiPA_8kvBVuU_sQolmeLzR78FSSSyNRH79gXOu79OagtXJvxcqHC0wr_aakaw7-E_-a0OrckTMIEdkll",
                    "width": 4000
                }
            ],
            "place_id": "ChIJEQNR28PWrTsRd6v_wcvCIs8",
            "rating": 4,
            "reference": "ChIJEQNR28PWrTsRd6v_wcvCIs8",
            "scope": "GOOGLE",
            "types": [
                "point_of_interest",
                "establishment"
            ],
            "user_ratings_total": 6,
            "vicinity": "M232+F69, Shoolagiri - Uddanapalli Rd, Shoolagiri"
        }
    ],
    "status": "OK"
}