{
    "html_attributions": [],
    "results": [
        {
            "business_status": "OPERATIONAL",
            "geometry": {
                "location": {
                    "lat": 12.8903844,
                    "lng": 79.12290349999999
                },
                "viewport": {
                    "northeast": {
                        "lat": 12.89172497989272,
                        "lng": 79.12428492989272
                    },
                    "southwest": {
                        "lat": 12.88902532010728,
                        "lng": 79.12158527010727
                    }
                }
            },
            "icon": "https://maps.gstatic.com/mapfiles/place_api/icons/v1/png_71/generic_business-71.png",
            "icon_background_color": "#7B9EB0",
            "icon_mask_base_uri": "https://maps.gstatic.com/mapfiles/place_api/icons/v2/generic_pinlet",
            "name": "Dr.MGR Statue",
            "photos": [
                {
                    "height": 2304,
                    "html_attributions": [
                        "<a href=\"https://maps.google.com/maps/contrib/117054553586941006202\">Samartha B S</a>"
                    ],
                    "photo_reference": "AcYSjRjnUzD__Gz_KsuiQvcIQkbfxykhuJ8SmE8_5Rv_AmNCV57N-7mzAIcrd_HW6MPd9xQVtWXMthcLx16AXisRoZCGDGy_xCkyDuv0zkmeiU455hU_NfYwc7wc4AwS2N_Ipptyn-52yr3OM9Sp47zDSR1v8G3aPbRzMqRhZiKIhUpQI1vc",
                    "width": 4608
                }
            ],
            "place_id": "ChIJRYTZFiU5rTsRhdVNvRjtgXo",
            "rating": 4.1,
            "reference": "ChIJRYTZFiU5rTsRhdVNvRjtgXo",
            "scope": "GOOGLE",
            "types": [
                "point_of_interest",
                "establishment"
            ],
            "user_ratings_total": 7,
            "vicinity": "V4RF+552, Vellore,, Ramset Nagar, Thorapadi, Vellore"
        },
        {
            "business_status": "OPERATIONAL",
            "geometry": {
                "location": {
                    "lat": 12.9211772,
                    "lng": 79.1316095
                },
                "viewport": {
                    "northeast": {
                        "lat": 12.92246037989272,
                        "lng": 79.13290677989272
                    },
                    "southwest": {
                        "lat": 12.91976072010728,
                        "lng": 79.13020712010729
                    }
                }
            },
            "icon": "https://maps.gstatic.com/mapfiles/place_api/icons/v1/png_71/generic_business-71.png",
            "icon_background_color": "#13B5C7",
            "icon_mask_base_uri": "https://maps.gstatic.com/mapfiles/place_api/icons/v2/generic_pinlet",
            "name": "Mahatma Ghandhi Statue",
            "opening_hours": {
                "open_now": true
            },
            "photos": [
                {
                    "height": 4032,
                    "html_attributions": [
                        "<a href=\"https://maps.google.com/maps/contrib/102155126180671953703\">Krishna Prosad Mondol</a>"
                    ],
                    "photo_reference": "AcYSjRh3QGAKwUN3kjdoyKmiUV3n6nwYFbNWDexdgAFUIeacABMk5Cx8wO3aYX6H3S50Elq_SAlZy4WQfTCvLvRltsGAFxwdOglfYQ3-VdN64VFgPuf3-T1TPw2RCgoVLPnYW-tK_ndM4UOjSgZ_opO1UwL0HpuOfSQXb47Bdvoth8ev4PEX",
                    "width": 3024
                }
            ],
            "place_id": "ChIJ73dXfTA5rTsRGWbZO-7tHf0",
            "rating": 0,
            "reference": "ChIJ73dXfTA5rTsRGWbZO-7tHf0",
            "scope": "GOOGLE",
            "types": [
                "point_of_interest",
                "establishment"
            ],
            "user_ratings_total": 0,
            "vicinity": "W4CJ+FJH, Balaji Nagar, Vellore"
        },
        {
            "business_status": "OPERATIONAL",
            "geometry": {
                "location": {
                    "lat": 12.9165721,
                    "lng": 79.1323341
                },
                "viewport": {
                    "northeast": {
                        "lat": 12.91791447989272,
                        "lng": 79.13366702989272
                    },
                    "southwest": {
                        "lat": 12.91521482010728,
                        "lng": 79.13096737010727
                    }
                }
            },
            "icon": "https://maps.gstatic.com/mapfiles/place_api/icons/v1/png_71/generic_business-71.png",
            "icon_background_color": "#13B5C7",
            "icon_mask_base_uri": "https://maps.gstatic.com/mapfiles/place_api/icons/v2/generic_pinlet",
            "name": "Queen Victoria Jubilee Memorial Pillar",
            "photos": [
                {
                    "height": 4000,
                    "html_attributions": [
                        "<a href=\"https://maps.google.com/maps/contrib/116851255415056212662\">A Google User</a>"
                    ],
                    "photo_reference": "AcYSjRj3pQPtVMz_QpCgT7NEFBZU-4L4WFj6BcmNUXWTRZbs5mxUdKM4FfJLIEiU4EUyW5_Th-_9dzp-nk1gsH7uGCE_4xulmzf8evcAEgS4-ARP55senef0fr6hpcf7Rr38RcRI24lPXlfJoQjLIxliJVRKvl47qY24foyGmRXhVDnqNn8d",
                    "width": 3000
                }
            ],
            "place_id": "ChIJH_6J4uk4rTsRJhpNFfDIih4",
            "rating": 4.2,
            "reference": "ChIJH_6J4uk4rTsRJhpNFfDIih4",
            "scope": "GOOGLE",
            "types": [
                "point_of_interest",
                "establishment"
            ],
            "user_ratings_total": 17,
            "vicinity": "W48J+JW8, Officer's Line Opp. South Police Station, National Highway 234, Vellore"
        },
        {
            "business_status": "OPERATIONAL",
            "geometry": {
                "location": {
                    "lat": 12.8953583,
                    "lng": 79.123545
                },
                "viewport": {
                    "northeast": {
                        "lat": 12.89670617989272,
                        "lng": 79.12497047989272
                    },
                    "southwest": {
                        "lat": 12.89400652010728,
                        "lng": 79.12227082010727
                    }
                }
            },
            "icon": "https://maps.gstatic.com/mapfiles/place_api/icons/v1/png_71/generic_business-71.png",
            "icon_background_color": "#13B5C7",
            "icon_mask_base_uri": "https://maps.gstatic.com/mapfiles/place_api/icons/v2/generic_pinlet",
            "name": "Megalithic Burial site",
            "opening_hours": {
                "open_now": true
            },
            "photos": [
                {
                    "height": 3120,
                    "html_attributions": [
                        "<a href=\"https://maps.google.com/maps/contrib/101435174331518442509\">Tamil vanan</a>"
                    ],
                    "photo_reference": "AcYSjRjPej2F4ivYL1N-dVZ4C1VU_KUZzak-OkVM--fcaT6N4sj3D6NFdeJ0SaZt9fUJwpRCR6kPIF8uLiZexUctm0-vGlsIbTg20CScsGNeIQq1O4ZkUa6g6h1gBMg9wlJGmVvJwCznqb-RiDLcSEVRJQZZzr4IEYNNV0bquPVQVJEGgtfl",
                    "width": 4160
                }
            ],
            "place_id": "ChIJy1atQG05rTsR1Ke68MrnvYE",
            "plus_code": {
                "compound_code": "V4WF+4C Palavansathu, Tamil Nadu",
                "global_code": "7J4XV4WF+4C"
            },
            "rating": 5,
            "reference": "ChIJy1atQG05rTsR1Ke68MrnvYE",
            "scope": "GOOGLE",
            "types": [
                "point_of_interest",
                "establishment"
            ],
            "user_ratings_total": 1,
            "vicinity": "15, 2nd St, Periyar Nagar, Rahim Nagar, Allapuram, Thorapadi, Palavansathu"
        },
        {
            "business_status": "OPERATIONAL",
            "geometry": {
                "location": {
                    "lat": 12.9210886,
                    "lng": 79.129471
                },
                "viewport": {
                    "northeast": {
                        "lat": 12.92240897989272,
                        "lng": 79.13086837989272
                    },
                    "southwest": {
                        "lat": 12.91970932010728,
                        "lng": 79.12816872010727
                    }
                }
            },
            "icon": "https://maps.gstatic.com/mapfiles/place_api/icons/v1/png_71/generic_business-71.png",
            "icon_background_color": "#7B9EB0",
            "icon_mask_base_uri": "https://maps.gstatic.com/mapfiles/place_api/icons/v2/generic_pinlet",
            "name": "Vellore Fort, Tamil Nadu",
            "opening_hours": {
                "open_now": true
            },
            "photos": [
                {
                    "height": 9248,
                    "html_attributions": [
                        "<a href=\"https://maps.google.com/maps/contrib/115197511592555494302\">Raja Ravi</a>"
                    ],
                    "photo_reference": "AcYSjRijQ4P9AZPDBJC2ZCQ-Efz3EgQy1jhUJEukxc9HRyM-hpGymPcmtN1odT2D15gqRCfiaLQmOW60BorNgTOKye92TBiRuXG7m8Ta-yUfn6e5yl_mFEDCbirUO2zunZyK0LtHEwMCEZW9oQ_Sj0KXvHHoNNWKivjsCgeZYWkFx9p2uaVw",
                    "width": 6936
                }
            ],
            "place_id": "ChIJE6vB5sA4rTsRo8qGLhiADtQ",
            "plus_code": {
                "compound_code": "W4CH+CQ Vellore, Tamil Nadu",
                "global_code": "7J4XW4CH+CQ"
            },
            "rating": 4.3,
            "reference": "ChIJE6vB5sA4rTsRo8qGLhiADtQ",
            "scope": "GOOGLE",
            "types": [
                "tourist_attraction",
                "point_of_interest",
                "establishment"
            ],
            "user_ratings_total": 22306,
            "vicinity": "Balaji Nagar, Vellore"
        },
        {
            "business_status": "OPERATIONAL",
            "geometry": {
                "location": {
                    "lat": 12.9156122,
                    "lng": 79.1323006
                },
                "viewport": {
                    "northeast": {
                        "lat": 12.91696052989272,
                        "lng": 79.13377262989272
                    },
                    "southwest": {
                        "lat": 12.91426087010728,
                        "lng": 79.13107297010727
                    }
                }
            },
            "icon": "https://maps.gstatic.com/mapfiles/place_api/icons/v1/png_71/park-71.png",
            "icon_background_color": "#4DB546",
            "icon_mask_base_uri": "https://maps.gstatic.com/mapfiles/place_api/icons/v2/tree_pinlet",
            "name": "Philately Park",
            "opening_hours": {
                "open_now": false
            },
            "photos": [
                {
                    "height": 3120,
                    "html_attributions": [
                        "<a href=\"https://maps.google.com/maps/contrib/111606565613037897015\">A Google User</a>"
                    ],
                    "photo_reference": "AcYSjRhW1M1eharfk5JkRXlapB4LbOEZZ20LTnvBURWnTCUTN9PMAaaNbVmgxlKn5ioHEJbMsNJR5j68yxEyz-dn6xCBw44v_BrMX1__4jkKN8iam3grzSeiVs8ndw7KM1jHuOhUut9YvrHL6j880wYpCblGmePJOSctP3nqe5YziT5Fd0qZ",
                    "width": 4160
                }
            ],
            "place_id": "ChIJQdWTu6E5rTsRezfpcZ4Fx6w",
            "plus_code": {
                "compound_code": "W48J+6W Vellore, Tamil Nadu",
                "global_code": "7J4XW48J+6W"
            },
            "rating": 5,
            "reference": "ChIJQdWTu6E5rTsRezfpcZ4Fx6w",
            "scope": "GOOGLE",
            "types": [
                "park",
                "point_of_interest",
                "establishment"
            ],
            "user_ratings_total": 1,
            "vicinity": "In side Head post office, National Highway 234, Anna Salai, Vellore"
        },
        {
            "business_status": "OPERATIONAL",
            "geometry": {
                "location": {
                    "lat": 12.9199146,
                    "lng": 79.1314053
                },
                "viewport": {
                    "northeast": {
                        "lat": 12.92128157989272,
                        "lng": 79.13307047989272
                    },
                    "southwest": {
                        "lat": 12.91858192010728,
                        "lng": 79.13037082010727
                    }
                }
            },
            "icon": "https://maps.gstatic.com/mapfiles/place_api/icons/v1/png_71/park-71.png",
            "icon_background_color": "#4DB546",
            "icon_mask_base_uri": "https://maps.gstatic.com/mapfiles/place_api/icons/v2/tree_pinlet",
            "name": "Vellore Fort Park",
            "opening_hours": {
                "open_now": true
            },
            "photos": [
                {
                    "height": 3264,
                    "html_attributions": [
                        "<a href=\"https://maps.google.com/maps/contrib/103559433607355458851\">yugesh edara</a>"
                    ],
                    "photo_reference": "AcYSjRgi3fbC71B197OeHJTv9BkBWmscQ9w6tQWNWRpB8wwxAeAb5l22peJtZkEOhPNNYbigSIFhMfpXP7i2cNDMtpL9bXOabvqEJR7FyklRsSye1Jc72CGH-QRLlw93BBpK9rOy5K1z_RD9TdkVdPDM8wXgml2KBKYJi8AhjPywugXHCicO",
                    "width": 1836
                }
            ],
            "place_id": "ChIJx1GmzcE4rTsREGswQAVxsm8",
            "plus_code": {
                "compound_code": "W49J+XH Vellore, Tamil Nadu",
                "global_code": "7J4XW49J+XH"
            },
            "rating": 4.3,
            "reference": "ChIJx1GmzcE4rTsREGswQAVxsm8",
            "scope": "GOOGLE",
            "types": [
                "park",
                "tourist_attraction",
                "point_of_interest",
                "establishment"
            ],
            "user_ratings_total": 2919,
            "vicinity": "Archaelogical Road, Officer's Line, near Fort, Balaji Nagar, Vellore"
        },
        {
            "business_status": "OPERATIONAL",
            "geometry": {
                "location": {
                    "lat": 12.9195268,
                    "lng": 79.1298741
                },
                "viewport": {
                    "northeast": {
                        "lat": 12.92087777989272,
                        "lng": 79.13080857989272
                    },
                    "southwest": {
                        "lat": 12.91817812010728,
                        "lng": 79.12810892010727
                    }
                }
            },
            "icon": "https://maps.gstatic.com/mapfiles/place_api/icons/v1/png_71/museum-71.png",
            "icon_background_color": "#13B5C7",
            "icon_mask_base_uri": "https://maps.gstatic.com/mapfiles/place_api/icons/v2/museum_pinlet",
            "name": "Government Museum",
            "opening_hours": {
                "open_now": true
            },
            "photos": [
                {
                    "height": 3000,
                    "html_attributions": [
                        "<a href=\"https://maps.google.com/maps/contrib/113156742688791989504\">Sambit KUMAR SWAIN</a>"
                    ],
                    "photo_reference": "AcYSjRhvXnCq2mU2QgDzaAhvPboacVm5fHSJ3Vw_s06MOqnBnGuXlStLiVsciPcLNsCWlOVzvVxNtFJ7YXO3fEiUoIgyEkt1UiyY87lfNPMB35ICFvEn4MdS_HojR6rLytlJrMuc1BFjtJT4QqsXrMQ2iHYRBNw-XVbkc5eWJ_cFUtHCV09o",
                    "width": 4000
                }
            ],
            "place_id": "ChIJnz4br8E4rTsRZpwfGexuAqc",
            "rating": 4,
            "reference": "ChIJnz4br8E4rTsRZpwfGexuAqc",
            "scope": "GOOGLE",
            "types": [
                "museum",
                "tourist_attraction",
                "point_of_interest",
                "establishment"
            ],
            "user_ratings_total": 458,
            "vicinity": "W49H+RX6, Balaji Nagar, Vellore"
        },
        {
            "business_status": "OPERATIONAL",
            "geometry": {
                "location": {
                    "lat": 12.9252635,
                    "lng": 79.1467765
                },
                "viewport": {
                    "northeast": {
                        "lat": 12.9285395,
                        "lng": 79.14781255
                    },
                    "southwest": {
                        "lat": 12.9241715,
                        "lng": 79.14366834999998
                    }
                }
            },
            "icon": "https://maps.gstatic.com/mapfiles/place_api/icons/v1/png_71/generic_business-71.png",
            "icon_background_color": "#13B5C7",
            "icon_mask_base_uri": "https://maps.gstatic.com/mapfiles/place_api/icons/v2/generic_pinlet",
            "name": "Sajra Fort",
            "opening_hours": {
                "open_now": true
            },
            "photos": [
                {
                    "height": 3456,
                    "html_attributions": [
                        "<a href=\"https://maps.google.com/maps/contrib/104233429334230331931\">A Google User</a>"
                    ],
                    "photo_reference": "AcYSjRgW0FEfXtL5qfasEsXUOvZfOgbhOmcdc-d1qnYMNdGz9b_MWdsJv-celus4I0xKeTTHEoadBXg_OtrbVmJ8zdlRMGKuv-Ls42AeYdqBxIExAA0gd5DwQ8TsREjJPXv3jV_eUocWoxWNxI7EL5-in4sZb8cdyCKzJruB6xPc918_6RF8",
                    "width": 4608
                }
            ],
            "place_id": "ChIJBXyrII04rTsRsm4U_gmeKXo",
            "rating": 4.3,
            "reference": "ChIJBXyrII04rTsRsm4U_gmeKXo",
            "scope": "GOOGLE",
            "types": [
                "point_of_interest",
                "establishment"
            ],
            "user_ratings_total": 245,
            "vicinity": "W4GW+4P2, Vellore"
        },
        {
            "business_status": "OPERATIONAL",
            "geometry": {
                "location": {
                    "lat": 12.9530214,
                    "lng": 79.14267009999999
                },
                "viewport": {
                    "northeast": {
                        "lat": 12.95437127989272,
                        "lng": 79.14398847989273
                    },
                    "southwest": {
                        "lat": 12.95167162010728,
                        "lng": 79.14128882010728
                    }
                }
            },
            "icon": "https://maps.gstatic.com/mapfiles/place_api/icons/v1/png_71/generic_business-71.png",
            "icon_background_color": "#7B9EB0",
            "icon_mask_base_uri": "https://maps.gstatic.com/mapfiles/place_api/icons/v2/generic_pinlet",
            "name": "Silver Stone Granites",
            "opening_hours": {
                "open_now": false
            },
            "place_id": "ChIJBb9j_6JHrTsRUPKdauU9bDM",
            "plus_code": {
                "compound_code": "X43V+63 Vellore, Tamil Nadu",
                "global_code": "7J4XX43V+63"
            },
            "rating": 5,
            "reference": "ChIJBb9j_6JHrTsRUPKdauU9bDM",
            "scope": "GOOGLE",
            "types": [
                "point_of_interest",
                "establishment"
            ],
            "user_ratings_total": 1,
            "vicinity": "6A, 14th East Main Rd, Suthanthira Ponvizha Nagar, Gandhi Nagar, Vellore"
        },
        {
            "business_status": "OPERATIONAL",
            "geometry": {
                "location": {
                    "lat": 12.8369656,
                    "lng": 79.05500239999999
                },
                "viewport": {
                    "northeast": {
                        "lat": 12.83832717989272,
                        "lng": 79.05630822989272
                    },
                    "southwest": {
                        "lat": 12.83562752010728,
                        "lng": 79.05360857010727
                    }
                }
            },
            "icon": "https://maps.gstatic.com/mapfiles/place_api/icons/v1/png_71/worship_hindu-71.png",
            "icon_background_color": "#7B9EB0",
            "icon_mask_base_uri": "https://maps.gstatic.com/mapfiles/place_api/icons/v2/worship_hindu_pinlet",
            "name": "Pillaiyarkovil, sivanathapuram",
            "photos": [
                {
                    "height": 6000,
                    "html_attributions": [
                        "<a href=\"https://maps.google.com/maps/contrib/113696331518179844297\">Kuralmudhu Kuralamudhu</a>"
                    ],
                    "photo_reference": "AcYSjRi60B6PsFFWHi6KVQMxfU1n2n056t8E-34FE8q7pObIbgoSiI71_vTQi5kv9TuyZ3dUWuh4jzMo6S1tsuJzm_ftb7Ua5hDVd1kaNgc2j-YQvFHczMy-7pLf40yAQ2hSeE6QtPbR3RuUQhONCS6LTRMDmGhPT-MraZAgkJmf-G2u3Uf_",
                    "width": 8000
                }
            ],
            "place_id": "ChIJqRXyDUg9rTsROadzgjVzhp0",
            "rating": 5,
            "reference": "ChIJqRXyDUg9rTsROadzgjVzhp0",
            "scope": "GOOGLE",
            "types": [
                "hindu_temple",
                "place_of_worship",
                "point_of_interest",
                "establishment"
            ],
            "user_ratings_total": 3,
            "vicinity": "R3P3+QXQ, Unnamed Road, Sivanathapuram"
        }
    ],
    "status": "OK"
}