{
    "html_attributions": [],
    "results": [
        {
            "business_status": "OPERATIONAL",
            "geometry": {
                "location": {
                    "lat": 14.0568634,
                    "lng": 78.7489824
                },
                "viewport": {
                    "northeast": {
                        "lat": 14.05815592989272,
                        "lng": 78.75024407989272
                    },
                    "southwest": {
                        "lat": 14.05545627010728,
                        "lng": 78.74754442010727
                    }
                }
            },
            "icon": "https://maps.gstatic.com/mapfiles/place_api/icons/v1/png_71/generic_business-71.png",
            "icon_background_color": "#13B5C7",
            "icon_mask_base_uri": "https://maps.gstatic.com/mapfiles/place_api/icons/v2/generic_pinlet",
            "name": "Elementary Teachers Training School 1912",
            "photos": [
                {
                    "height": 1440,
                    "html_attributions": [
                        "<a href=\"https://maps.google.com/maps/contrib/101993236996935559876\">A Google User</a>"
                    ],
                    "photo_reference": "AcYSjRhJV1rp_wcQEN4OhvHluv3mnjYj3834YTdA_JKbHh5t1kwVh9N0kaw_zWCC2jX-GyYjJOafwKOSbb-B0h2RG5Fzi3WF8IhyxIO-Zr0pO4IbdXfj82ovL_svpGTJh6hpO77Xj_5gNCSr4lBeRZWpmW84di-IlNwyGrjrcWo_frCd_oNm",
                    "width": 2560
                }
            ],
            "place_id": "ChIJD2dT7LwDszsR82ePgUJdwhE",
            "rating": 5,
            "reference": "ChIJD2dT7LwDszsR82ePgUJdwhE",
            "scope": "GOOGLE",
            "types": [
                "point_of_interest",
                "establishment"
            ],
            "user_ratings_total": 1,
            "vicinity": "3P4X+PHX, Bus Stand Rd, Kothapeta, Rayachoty"
        }
    ],
    "status": "OK"
}