{
    "html_attributions": [],
    "results": [
        {
            "business_status": "CLOSED_TEMPORARILY",
            "geometry": {
                "location": {
                    "lat": 14.1660264,
                    "lng": 77.8115058
                },
                "viewport": {
                    "northeast": {
                        "lat": 14.16736677989272,
                        "lng": 77.81281487989271
                    },
                    "southwest": {
                        "lat": 14.16466712010728,
                        "lng": 77.81011522010728
                    }
                }
            },
            "icon": "https://maps.gstatic.com/mapfiles/place_api/icons/v1/png_71/school-71.png",
            "icon_background_color": "#7B9EB0",
            "icon_mask_base_uri": "https://maps.gstatic.com/mapfiles/place_api/icons/v2/school_pinlet",
            "name": "Naresh Yoga",
            "permanently_closed": true,
            "photos": [
                {
                    "height": 640,
                    "html_attributions": [
                        "<a href=\"https://maps.google.com/maps/contrib/107888383279481248081\">Kristina Bakery</a>"
                    ],
                    "photo_reference": "AcYSjRiHeWsedc7aEvT8BSgbDrBYpkVPtqAvitKCcKyf2I7W_ZwdbguFa-ZITR3EW5bcsfqi2WyYVTiNMZWqpXIXRKk0tCTCr7lCHg99FCXy98xdlDpGq973qBfrSzgDkKzk4oRkgT1QEZ4LEspkte-Xmv4GVuJvsGusU3o76FUCrk0mLITp",
                    "width": 640
                }
            ],
            "place_id": "ChIJ1zexm8lksTsRGhHr-5t6kVc",
            "rating": 4.8,
            "reference": "ChIJ1zexm8lksTsRGhHr-5t6kVc",
            "scope": "GOOGLE",
            "types": [
                "gym",
                "health",
                "point_of_interest",
                "establishment"
            ],
            "user_ratings_total": 12,
            "vicinity": "5R86+CJ6, Puttaparthi Main Rd, near german bakery, Puttaparthi"
        },
        {
            "business_status": "OPERATIONAL",
            "geometry": {
                "location": {
                    "lat": 14.1678526,
                    "lng": 77.81221590000001
                },
                "viewport": {
                    "northeast": {
                        "lat": 14.16913142989272,
                        "lng": 77.81353832989272
                    },
                    "southwest": {
                        "lat": 14.16643177010728,
                        "lng": 77.81083867010727
                    }
                }
            },
            "icon": "https://maps.gstatic.com/mapfiles/place_api/icons/v1/png_71/generic_business-71.png",
            "icon_background_color": "#7B9EB0",
            "icon_mask_base_uri": "https://maps.gstatic.com/mapfiles/place_api/icons/v2/generic_pinlet",
            "name": "Varun Fitness Mantra",
            "opening_hours": {
                "open_now": false
            },
            "photos": [
                {
                    "height": 868,
                    "html_attributions": [
                        "<a href=\"https://maps.google.com/maps/contrib/112149325696429445765\">G Sai Sagar</a>"
                    ],
                    "photo_reference": "AcYSjRjnySxHygc6nA9CcQy6ZWvHl1Vd3nAfyGs3h0jWCXrANVYeF3FW0XUv-oeysvclTm9pJamnKD8-Czzh0Jzyg3TaN0IiiZ5nRr28K2c9UeffDcXGmOUjzl3LDo8J22fYwYdS_rtIxOkgxql_MxizAVVeru4SNoT0SfLhsoNV5nnYagCu",
                    "width": 1160
                }
            ],
            "place_id": "ChIJCxlSN9dlsTsRIGz1ntRYSvM",
            "plus_code": {
                "compound_code": "5R96+4V Puttaparthi, Andhra Pradesh",
                "global_code": "7J6V5R96+4V"
            },
            "rating": 4.9,
            "reference": "ChIJCxlSN9dlsTsRIGz1ntRYSvM",
            "scope": "GOOGLE",
            "types": [
                "gym",
                "health",
                "point_of_interest",
                "establishment"
            ],
            "user_ratings_total": 61,
            "vicinity": "P.P. Naidoo Building 6th floor, Old Sub Post Office Galli More Super market, Puttaparthi"
        },
        {
            "business_status": "OPERATIONAL",
            "geometry": {
                "location": {
                    "lat": 14.1538967,
                    "lng": 77.8105813
                },
                "viewport": {
                    "northeast": {
                        "lat": 14.15521187989272,
                        "lng": 77.81197272989273
                    },
                    "southwest": {
                        "lat": 14.15251222010728,
                        "lng": 77.80927307010728
                    }
                }
            },
            "icon": "https://maps.gstatic.com/mapfiles/place_api/icons/v1/png_71/generic_business-71.png",
            "icon_background_color": "#7B9EB0",
            "icon_mask_base_uri": "https://maps.gstatic.com/mapfiles/place_api/icons/v2/generic_pinlet",
            "name": "Dr RAO AYURVEDA AND YOGA CENTRE",
            "opening_hours": {
                "open_now": true
            },
            "photos": [
                {
                    "height": 4032,
                    "html_attributions": [
                        "<a href=\"https://maps.google.com/maps/contrib/114779640586651994052\">\u0420\u0443\u0441\u0442\u0430\u043c \u0420\u0430\u0445\u043c\u0430\u0442\u0443\u043b\u043b\u0438\u043d</a>"
                    ],
                    "photo_reference": "AcYSjRgXALfpnPxAi_ttK_DKnGyvP-t3df_unDRL6BcHrBuKlkYnP-o2ufXeyywNjVbWcO7pNci6emqABC3AXvYKt2rba5z5a14OyDEsT4w_orMdNe5SKCR3XIMxV2iHM5OC86e5Py5Fd-Au2bH1q9RXfogb6m_CGJuehRP7EdYAcSezE0ek",
                    "width": 3024
                }
            ],
            "place_id": "ChIJJ0KZLDR7sTsRyX9dblweT0I",
            "plus_code": {
                "compound_code": "5R36+H6 Puttaparthi, Andhra Pradesh",
                "global_code": "7J6V5R36+H6"
            },
            "rating": 4.3,
            "reference": "ChIJJ0KZLDR7sTsRyX9dblweT0I",
            "scope": "GOOGLE",
            "types": [
                "health",
                "point_of_interest",
                "establishment"
            ],
            "user_ratings_total": 12,
            "vicinity": "ayurveda marg, behind post office, Puttaparthi"
        },
        {
            "business_status": "OPERATIONAL",
            "geometry": {
                "location": {
                    "lat": 14.1519502,
                    "lng": 77.77409639999999
                },
                "viewport": {
                    "northeast": {
                        "lat": 14.15318482989272,
                        "lng": 77.77535637989273
                    },
                    "southwest": {
                        "lat": 14.15048517010728,
                        "lng": 77.77265672010728
                    }
                }
            },
            "icon": "https://maps.gstatic.com/mapfiles/place_api/icons/v1/png_71/generic_business-71.png",
            "icon_background_color": "#7B9EB0",
            "icon_mask_base_uri": "https://maps.gstatic.com/mapfiles/place_api/icons/v2/generic_pinlet",
            "name": "SSSIHMS GYM",
            "opening_hours": {
                "open_now": true
            },
            "place_id": "ChIJW1bceBJ7sTsRZYcPxaU6Ztw",
            "rating": 4.5,
            "reference": "ChIJW1bceBJ7sTsRZYcPxaU6Ztw",
            "scope": "GOOGLE",
            "types": [
                "gym",
                "health",
                "point_of_interest",
                "establishment"
            ],
            "user_ratings_total": 2,
            "vicinity": "5Q2F+QJF, Unnamed Road, Puttaparthi"
        },
        {
            "business_status": "OPERATIONAL",
            "geometry": {
                "location": {
                    "lat": 14.1808921,
                    "lng": 77.7218342
                },
                "viewport": {
                    "northeast": {
                        "lat": 14.18224082989272,
                        "lng": 77.72314702989273
                    },
                    "southwest": {
                        "lat": 14.17954117010728,
                        "lng": 77.72044737010728
                    }
                }
            },
            "icon": "https://maps.gstatic.com/mapfiles/place_api/icons/v1/png_71/generic_business-71.png",
            "icon_background_color": "#7B9EB0",
            "icon_mask_base_uri": "https://maps.gstatic.com/mapfiles/place_api/icons/v2/generic_pinlet",
            "name": "SRI SAI AMRUTHA ASTROLOGY YOGA TRUST",
            "place_id": "ChIJ17XtLr5vsTsRcBGlgEFyM1I",
            "rating": 4.3,
            "reference": "ChIJ17XtLr5vsTsRcBGlgEFyM1I",
            "scope": "GOOGLE",
            "types": [
                "point_of_interest",
                "establishment"
            ],
            "user_ratings_total": 4,
            "vicinity": "5PJC+9P4, SSAAYT Mamillakunta Cross, Bangalore road, Near Puttaparthy, Kothacheruvu village, Marakuntapalle"
        },
        {
            "business_status": "OPERATIONAL",
            "geometry": {
                "location": {
                    "lat": 14.1652009,
                    "lng": 77.8126424
                },
                "viewport": {
                    "northeast": {
                        "lat": 14.16650917989272,
                        "lng": 77.81398892989273
                    },
                    "southwest": {
                        "lat": 14.16380952010728,
                        "lng": 77.81128927010728
                    }
                }
            },
            "icon": "https://maps.gstatic.com/mapfiles/place_api/icons/v1/png_71/cafe-71.png",
            "icon_background_color": "#FF9E67",
            "icon_mask_base_uri": "https://maps.gstatic.com/mapfiles/place_api/icons/v2/cafe_pinlet",
            "name": "TruYogi Cafe",
            "opening_hours": {
                "open_now": false
            },
            "photos": [
                {
                    "height": 9248,
                    "html_attributions": [
                        "<a href=\"https://maps.google.com/maps/contrib/116861709295491121494\">A Google User</a>"
                    ],
                    "photo_reference": "AcYSjRgzW9JbgHtfJCTCahg6mQ2RpD8vuFpPKmSNdzmd7BbdxmdAwEwf-3gIB2s2Y6psBMELnAWfm3uceSRxrJ1f5gcoRp7xdXwRV3oP_JgGgk2jJRhaApqYoUeo5vrLT6kju6-pBMlGuHaxdBtuEHvHk68NF4eMI1JZED4jsRrqz7izBvs6",
                    "width": 6936
                }
            ],
            "place_id": "ChIJg92l9clksTsR69op3_Rkg2g",
            "plus_code": {
                "compound_code": "5R87+33 Puttaparthi, Andhra Pradesh",
                "global_code": "7J6V5R87+33"
            },
            "rating": 4.6,
            "reference": "ChIJg92l9clksTsR69op3_Rkg2g",
            "scope": "GOOGLE",
            "types": [
                "cafe",
                "store",
                "restaurant",
                "food",
                "point_of_interest",
                "establishment"
            ],
            "user_ratings_total": 90,
            "vicinity": "Chitravati Rd, opposite S.M Bakery, Puttaparthi"
        }
    ],
    "status": "OK"
}