{
    "html_attributions": [],
    "results": [
        {
            "business_status": "OPERATIONAL",
            "geometry": {
                "location": {
                    "lat": 15.3985748,
                    "lng": 77.8785492
                },
                "viewport": {
                    "northeast": {
                        "lat": 15.39992972989272,
                        "lng": 77.87988092989272
                    },
                    "southwest": {
                        "lat": 15.39723007010728,
                        "lng": 77.87718127010727
                    }
                }
            },
            "icon": "https://maps.gstatic.com/mapfiles/place_api/icons/v1/png_71/generic_business-71.png",
            "icon_background_color": "#7B9EB0",
            "icon_mask_base_uri": "https://maps.gstatic.com/mapfiles/place_api/icons/v2/generic_pinlet",
            "name": "RVK Rotary Bhavan Dhone",
            "opening_hours": {
                "open_now": false
            },
            "photos": [
                {
                    "height": 2376,
                    "html_attributions": [
                        "<a href=\"https://maps.google.com/maps/contrib/112330427878303876180\">Rotary Club Dhone</a>"
                    ],
                    "photo_reference": "AcYSjRgsdILQvLJ5aKvNSiKF2xgx2J3LOfCFaVcMOtELKFd5Ype0ZTkKVQpPCyv2MLe3Ex9U8UC0zqZBrYNa1DLhPDgvf_a17wk64wHlJAw4-UVfT82zP5m38cpbJdRLWoo9Ul50p1zNwNM20zi5lbEEUQxkfhC5_TfugS4mV8RBGcpAxr_q",
                    "width": 4224
                }
            ],
            "place_id": "ChIJAa2tpgGBtjsR5HRk36IJ1ek",
            "plus_code": {
                "compound_code": "9VXH+CC Dhone, Andhra Pradesh",
                "global_code": "7J7V9VXH+CC"
            },
            "rating": 4.2,
            "reference": "ChIJAa2tpgGBtjsR5HRk36IJ1ek",
            "scope": "GOOGLE",
            "types": [
                "gym",
                "health",
                "point_of_interest",
                "establishment"
            ],
            "user_ratings_total": 5,
            "vicinity": "Dhone"
        },
        {
            "business_status": "OPERATIONAL",
            "geometry": {
                "location": {
                    "lat": 15.3988259,
                    "lng": 77.8738372
                },
                "viewport": {
                    "northeast": {
                        "lat": 15.40015952989272,
                        "lng": 77.87523302989271
                    },
                    "southwest": {
                        "lat": 15.39745987010728,
                        "lng": 77.87253337010728
                    }
                }
            },
            "icon": "https://maps.gstatic.com/mapfiles/place_api/icons/v1/png_71/generic_business-71.png",
            "icon_background_color": "#7B9EB0",
            "icon_mask_base_uri": "https://maps.gstatic.com/mapfiles/place_api/icons/v2/generic_pinlet",
            "name": "Brahma Kumaris Dhone",
            "place_id": "ChIJVRaIj4CBtjsRjrI4lWUiqV8",
            "plus_code": {
                "compound_code": "9VXF+GG Dhone, Andhra Pradesh",
                "global_code": "7J7V9VXF+GG"
            },
            "rating": 5,
            "reference": "ChIJVRaIj4CBtjsRjrI4lWUiqV8",
            "scope": "GOOGLE",
            "types": [
                "health",
                "point_of_interest",
                "establishment"
            ],
            "user_ratings_total": 1,
            "vicinity": "CHANDRAMA BHAWAN, H.NO: 8-85/6 KOTTA PETA, behind S.B.I, Dhone"
        },
        {
            "business_status": "OPERATIONAL",
            "geometry": {
                "location": {
                    "lat": 15.399306,
                    "lng": 77.865639
                },
                "viewport": {
                    "northeast": {
                        "lat": 15.40063432989272,
                        "lng": 77.86702497989272
                    },
                    "southwest": {
                        "lat": 15.39793467010728,
                        "lng": 77.86432532010727
                    }
                }
            },
            "icon": "https://maps.gstatic.com/mapfiles/place_api/icons/v1/png_71/generic_business-71.png",
            "icon_background_color": "#7B9EB0",
            "icon_mask_base_uri": "https://maps.gstatic.com/mapfiles/place_api/icons/v2/generic_pinlet",
            "name": "SRCM Heartfulness Meditation Centre",
            "opening_hours": {
                "open_now": false
            },
            "photos": [
                {
                    "height": 826,
                    "html_attributions": [
                        "<a href=\"https://maps.google.com/maps/contrib/111299900915608867144\">SRCM Heartfulness Centre</a>"
                    ],
                    "photo_reference": "AcYSjRiLP0j4NaHyxUNmgpIU2vcrXrbgABzN9O5kxxVdXBW3vNWpCVmSI6ML0qPHUwFeCMQVuQP1u1KLdbIBEIvA_omIu4xrIisLRVyJ2wY8XuWJwydbuZVZs8Z_lUvPcxU7LbICaer-QjGcSiCWIg7yXgEyyYyEeuRx5b5lclQC3iHA8H3r",
                    "width": 1280
                }
            ],
            "place_id": "ChIJA6hR4R2BtjsRxhGDo6UIlXI",
            "plus_code": {
                "compound_code": "9VX8+P7 Dhone, Andhra Pradesh",
                "global_code": "7J7V9VX8+P7"
            },
            "rating": 5,
            "reference": "ChIJA6hR4R2BtjsRxhGDo6UIlXI",
            "scope": "GOOGLE",
            "types": [
                "health",
                "point_of_interest",
                "establishment"
            ],
            "user_ratings_total": 1,
            "vicinity": "Shri Ram Chandra Mission, 4-149-33, Sahaj Marg Colony, Dhone"
        }
    ],
    "status": "OK"
}