{
    "html_attributions": [],
    "results": [
        {
            "business_status": "OPERATIONAL",
            "geometry": {
                "location": {
                    "lat": 16.3598699,
                    "lng": 78.0573812
                },
                "viewport": {
                    "northeast": {
                        "lat": 16.36122602989272,
                        "lng": 78.05871132989272
                    },
                    "southwest": {
                        "lat": 16.35852637010728,
                        "lng": 78.05601167010727
                    }
                }
            },
            "icon": "https://maps.gstatic.com/mapfiles/place_api/icons/v1/png_71/school-71.png",
            "icon_background_color": "#7B9EB0",
            "icon_mask_base_uri": "https://maps.gstatic.com/mapfiles/place_api/icons/v2/school_pinlet",
            "name": "Yoga Center Wanaprthy",
            "place_id": "ChIJv8_mPqAFyjsRFyJmVNAKYnY",
            "rating": 2,
            "reference": "ChIJv8_mPqAFyjsRFyJmVNAKYnY",
            "scope": "GOOGLE",
            "types": [
                "school",
                "point_of_interest",
                "establishment"
            ],
            "user_ratings_total": 1,
            "vicinity": "9354+WXR, K,D, R Nagar, Wanaparthy"
        },
        {
            "business_status": "OPERATIONAL",
            "geometry": {
                "location": {
                    "lat": 16.3544363,
                    "lng": 78.0590009
                },
                "viewport": {
                    "northeast": {
                        "lat": 16.35577892989273,
                        "lng": 78.06034887989273
                    },
                    "southwest": {
                        "lat": 16.35307927010728,
                        "lng": 78.05764922010728
                    }
                }
            },
            "icon": "https://maps.gstatic.com/mapfiles/place_api/icons/v1/png_71/school-71.png",
            "icon_background_color": "#7B9EB0",
            "icon_mask_base_uri": "https://maps.gstatic.com/mapfiles/place_api/icons/v2/school_pinlet",
            "name": "Yoga Srinivasulu Setty",
            "place_id": "ChIJvxji5AEFyjsRSldwgxoSMxA",
            "plus_code": {
                "compound_code": "9335+PH Wanaparthy, Telangana",
                "global_code": "7J8W9335+PH"
            },
            "rating": 5,
            "reference": "ChIJvxji5AEFyjsRSldwgxoSMxA",
            "scope": "GOOGLE",
            "types": [
                "school",
                "point_of_interest",
                "establishment"
            ],
            "user_ratings_total": 1,
            "vicinity": "42-129, Vengal Rao Nagar Colony, Sai Nagar Colony, Wanaparthy"
        },
        {
            "business_status": "OPERATIONAL",
            "geometry": {
                "location": {
                    "lat": 16.3673497,
                    "lng": 78.06105260000001
                },
                "viewport": {
                    "northeast": {
                        "lat": 16.36870347989272,
                        "lng": 78.06241157989272
                    },
                    "southwest": {
                        "lat": 16.36600382010728,
                        "lng": 78.05971192010728
                    }
                }
            },
            "icon": "https://maps.gstatic.com/mapfiles/place_api/icons/v1/png_71/generic_business-71.png",
            "icon_background_color": "#7B9EB0",
            "icon_mask_base_uri": "https://maps.gstatic.com/mapfiles/place_api/icons/v2/generic_pinlet",
            "name": "Naveen Sagar",
            "opening_hours": {
                "open_now": false
            },
            "photos": [
                {
                    "height": 1920,
                    "html_attributions": [
                        "<a href=\"https://maps.google.com/maps/contrib/112411059630199512460\">GNS Naveen sagar ramnagar wanaparthy</a>"
                    ],
                    "photo_reference": "AcYSjRgjZhKyZ5HDQmB3Ym8O7H6kITGGK86BbNLGIxuuvCyx3Mxzgqhpi8EEi7O1nS9IPbuBLIhFspVM_3Wnp69cdALwRRAXAgzOkPbMe6GbuCAHJSrW-NUkDO0YL2LhNFcnKM2h-aX4YM5VRYj-svtY30CrGGwoDqOuBz_5YwwMe1gxhXY6",
                    "width": 1080
                }
            ],
            "place_id": "ChIJbZhEIvcFyjsRTjXIFxEoupA",
            "rating": 5,
            "reference": "ChIJbZhEIvcFyjsRTjXIFxEoupA",
            "scope": "GOOGLE",
            "types": [
                "gym",
                "health",
                "point_of_interest",
                "establishment"
            ],
            "user_ratings_total": 2,
            "vicinity": "9386+WCW, Raigadda, Wanaparthy"
        },
        {
            "business_status": "OPERATIONAL",
            "geometry": {
                "location": {
                    "lat": 16.362029,
                    "lng": 78.0624474
                },
                "viewport": {
                    "northeast": {
                        "lat": 16.36346982989273,
                        "lng": 78.06382402989271
                    },
                    "southwest": {
                        "lat": 16.36077017010728,
                        "lng": 78.06112437010728
                    }
                }
            },
            "icon": "https://maps.gstatic.com/mapfiles/place_api/icons/v1/png_71/school-71.png",
            "icon_background_color": "#7B9EB0",
            "icon_mask_base_uri": "https://maps.gstatic.com/mapfiles/place_api/icons/v2/school_pinlet",
            "name": "Five star dance academy",
            "photos": [
                {
                    "height": 720,
                    "html_attributions": [
                        "<a href=\"https://maps.google.com/maps/contrib/100991308226465482493\">A Google User</a>"
                    ],
                    "photo_reference": "AcYSjRhP43l_TMwqLMOqCR90z9K9zibr0XDw-KU3Oe48xy2M_3co5mPQJcDwNE6zSRdK4Gu7-lJRrLd7mzpt5p6DnpzSi4p4PEDqAj0NRC7Th4Ny1n38sUUiaVzwIih6hIumUwYvgfZ9w383wAAtO5hbXxSLNPgLxWCv0aCwoUbxOBAi_hUK",
                    "width": 1280
                }
            ],
            "place_id": "ChIJm47pcuAFyjsRZ6cQS2gvvjw",
            "plus_code": {
                "compound_code": "9366+RX Wanaparthy, Telangana",
                "global_code": "7J8W9366+RX"
            },
            "rating": 4.6,
            "reference": "ChIJm47pcuAFyjsRZ6cQS2gvvjw",
            "scope": "GOOGLE",
            "types": [
                "school",
                "point_of_interest",
                "establishment"
            ],
            "user_ratings_total": 13,
            "vicinity": "Appollo pharmacy, beside Rajiv chowk, Chandapur, Maremmakunta, Wanaparthy"
        },
        {
            "business_status": "OPERATIONAL",
            "geometry": {
                "location": {
                    "lat": 16.5092745,
                    "lng": 78.02054040000002
                },
                "viewport": {
                    "northeast": {
                        "lat": 16.51054462989272,
                        "lng": 78.02184762989273
                    },
                    "southwest": {
                        "lat": 16.50784497010728,
                        "lng": 78.01914797010728
                    }
                }
            },
            "icon": "https://maps.gstatic.com/mapfiles/place_api/icons/v1/png_71/worship_hindu-71.png",
            "icon_background_color": "#7B9EB0",
            "icon_mask_base_uri": "https://maps.gstatic.com/mapfiles/place_api/icons/v2/worship_hindu_pinlet",
            "name": "Shri Lakshmi Narasimha Yoga Nanda Swamy Temple",
            "photos": [
                {
                    "height": 3120,
                    "html_attributions": [
                        "<a href=\"https://maps.google.com/maps/contrib/117632485193608992258\">A Google User</a>"
                    ],
                    "photo_reference": "AcYSjRg1toWzujr5J3telJLKQO-lTEUwtxtVfzNB1fQJ2rgTwMF3wBVgfn1ULOWf3GEpj44oKYrlaxmD3YW891edxXSoa147rSEaoYEqtXPggBtk8AgXyJreRP88146UheO5FHZNu4Z716zRnhyvxjDMMSpcJFFA5m3_MGxrhfmmIbdiK7v-",
                    "width": 4160
                }
            ],
            "place_id": "ChIJlzFfJy0ZyjsRZjkPXVI1KFE",
            "rating": 4.8,
            "reference": "ChIJlzFfJy0ZyjsRZjkPXVI1KFE",
            "scope": "GOOGLE",
            "types": [
                "hindu_temple",
                "place_of_worship",
                "point_of_interest",
                "establishment"
            ],
            "user_ratings_total": 8,
            "vicinity": "G25C+P63, Khilla Ghanpur Wanaparthy District, Solipur"
        },
        {
            "business_status": "OPERATIONAL",
            "geometry": {
                "location": {
                    "lat": 16.3630359,
                    "lng": 78.06234700000002
                },
                "viewport": {
                    "northeast": {
                        "lat": 16.36439097989273,
                        "lng": 78.06367777989271
                    },
                    "southwest": {
                        "lat": 16.36169132010728,
                        "lng": 78.06097812010726
                    }
                }
            },
            "icon": "https://maps.gstatic.com/mapfiles/place_api/icons/v1/png_71/generic_business-71.png",
            "icon_background_color": "#7B9EB0",
            "icon_mask_base_uri": "https://maps.gstatic.com/mapfiles/place_api/icons/v2/generic_pinlet",
            "name": "Define fitness (gym)",
            "opening_hours": {
                "open_now": false
            },
            "photos": [
                {
                    "height": 3024,
                    "html_attributions": [
                        "<a href=\"https://maps.google.com/maps/contrib/108575228367092985268\">A Google User</a>"
                    ],
                    "photo_reference": "AcYSjRjR2IDtS5xR2nruuxCVg7VbaZeUT2VUBfI0iD5AwvUWDFTWQOcVLhAeeiDhL0WPz8RXyG8bXd8kfXdYzncP0zvMznMvmuYHRfNCRF8E6-bYmn8HmcpnbK6GsDBcS_zRWWNbpR60M2Lt2xCNZYYqYIW61IyC3EIPGS1P1SuYOQ6PavMv",
                    "width": 4032
                }
            ],
            "place_id": "ChIJd6CvUwIFyjsRBRiAD1YjnQg",
            "rating": 5,
            "reference": "ChIJd6CvUwIFyjsRBRiAD1YjnQg",
            "scope": "GOOGLE",
            "types": [
                "gym",
                "health",
                "point_of_interest",
                "establishment"
            ],
            "user_ratings_total": 22,
            "vicinity": "9376+6X3, Chandapur, Hanuman Tekidi, K,D,R Nagar, Wanaparthy"
        }
    ],
    "status": "OK"
}