{
    "html_attributions": [],
    "results": [
        {
            "business_status": "OPERATIONAL",
            "geometry": {
                "location": {
                    "lat": 17.0620517,
                    "lng": 78.2110124
                },
                "viewport": {
                    "northeast": {
                        "lat": 17.06338457989272,
                        "lng": 78.21228837989273
                    },
                    "southwest": {
                        "lat": 17.06068492010728,
                        "lng": 78.20958872010728
                    }
                }
            },
            "icon": "https://maps.gstatic.com/mapfiles/place_api/icons/v1/png_71/generic_business-71.png",
            "icon_background_color": "#7B9EB0",
            "icon_mask_base_uri": "https://maps.gstatic.com/mapfiles/place_api/icons/v2/generic_pinlet",
            "name": "ISHA Crossfit studio",
            "opening_hours": {
                "open_now": true
            },
            "photos": [
                {
                    "height": 3024,
                    "html_attributions": [
                        "<a href=\"https://maps.google.com/maps/contrib/114120172207608999162\">A Google User</a>"
                    ],
                    "photo_reference": "AcYSjRjeQW-4dlhwiYoCuKqFQh6t5GEd0_Vgo-Pyd48fTyXfaaU1wOlfkJWYbKG8knZsH6w0nxJnn-bCMdC7QGEH_1bXZQ1u6cPPMD9OJVYSLGOC-S7eEJSNjsZUiTPDCEuVcYOHCD7kXSr50lvNA8GbZe5i6qxiWBs456vadc52z9PEk1jd",
                    "width": 4032
                }
            ],
            "place_id": "ChIJ-eGZB83JyzsRy9LpzxZnrJs",
            "plus_code": {
                "compound_code": "3666+RC Shadnagar, Telangana",
                "global_code": "7J9W3666+RC"
            },
            "rating": 5,
            "reference": "ChIJ-eGZB83JyzsRy9LpzxZnrJs",
            "scope": "GOOGLE",
            "types": [
                "health",
                "point_of_interest",
                "establishment"
            ],
            "user_ratings_total": 9,
            "vicinity": "near sai santhi school, Shadnagar"
        },
        {
            "business_status": "OPERATIONAL",
            "geometry": {
                "location": {
                    "lat": 17.0630973,
                    "lng": 78.2045916
                },
                "viewport": {
                    "northeast": {
                        "lat": 17.06450372989272,
                        "lng": 78.20594677989271
                    },
                    "southwest": {
                        "lat": 17.06180407010728,
                        "lng": 78.20324712010728
                    }
                }
            },
            "icon": "https://maps.gstatic.com/mapfiles/place_api/icons/v1/png_71/generic_business-71.png",
            "icon_background_color": "#7B9EB0",
            "icon_mask_base_uri": "https://maps.gstatic.com/mapfiles/place_api/icons/v2/generic_pinlet",
            "name": "Body Station The Fitness Club",
            "opening_hours": {
                "open_now": false
            },
            "photos": [
                {
                    "height": 382,
                    "html_attributions": [
                        "<a href=\"https://maps.google.com/maps/contrib/102635109261391056171\">A Google User</a>"
                    ],
                    "photo_reference": "AcYSjRhc3M11wOmphH_-aMMmZKeN3pe6N7ag0wXkubR4YHXbhJBqXW78US4pP--QaAkR7smst0OiP-lKTcAwLP3Qm0SmONUy4QHf9wp7b7k2qhvnQpANA0lRz0Ktzm8SvP7DthiFaJNL4D_vqldFDJp6hKfLiBeaKF7pvRnKYzPreoO6X0kQ",
                    "width": 678
                }
            ],
            "place_id": "ChIJ66BrWMvJyzsRDVYfAFZst9M",
            "plus_code": {
                "compound_code": "3673+6R Shadnagar, Telangana",
                "global_code": "7J9W3673+6R"
            },
            "rating": 4.3,
            "reference": "ChIJ66BrWMvJyzsRDVYfAFZst9M",
            "scope": "GOOGLE",
            "types": [
                "gym",
                "health",
                "point_of_interest",
                "establishment"
            ],
            "user_ratings_total": 70,
            "vicinity": "main road, Shadnagar"
        },
        {
            "business_status": "OPERATIONAL",
            "geometry": {
                "location": {
                    "lat": 17.0670921,
                    "lng": 78.20828569999999
                },
                "viewport": {
                    "northeast": {
                        "lat": 17.06846127989272,
                        "lng": 78.20958062989271
                    },
                    "southwest": {
                        "lat": 17.06576162010728,
                        "lng": 78.20688097010726
                    }
                }
            },
            "icon": "https://maps.gstatic.com/mapfiles/place_api/icons/v1/png_71/generic_business-71.png",
            "icon_background_color": "#7B9EB0",
            "icon_mask_base_uri": "https://maps.gstatic.com/mapfiles/place_api/icons/v2/generic_pinlet",
            "name": "Elite Fitness Club",
            "opening_hours": {
                "open_now": false
            },
            "photos": [
                {
                    "height": 4000,
                    "html_attributions": [
                        "<a href=\"https://maps.google.com/maps/contrib/108802291732361354879\">A Google User</a>"
                    ],
                    "photo_reference": "AcYSjRj5ivzV5Xr9gkwDReiRkeBy9-Ok8qHOFuI8DF0NwuaFslm8K5CcnvVZw_XItm1pLyjIv7JTRDO9QDjBw0g6kmniHo_WmK7ewYa8K7sT78s05qGF-CWcMcPhfeQ0dlwovPLtkiTeZm-g561biVrJNS7YbwGlcgLGLLqvkr44_yq1XUGh",
                    "width": 6000
                }
            ],
            "place_id": "ChIJn4L0mDbJyzsR-uQY6tteUl4",
            "plus_code": {
                "compound_code": "3685+R8 Shadnagar, Telangana",
                "global_code": "7J9W3685+R8"
            },
            "rating": 4.4,
            "reference": "ChIJn4L0mDbJyzsR-uQY6tteUl4",
            "scope": "GOOGLE",
            "types": [
                "gym",
                "health",
                "point_of_interest",
                "establishment"
            ],
            "user_ratings_total": 135,
            "vicinity": "SD Ibrahim Complex, 3-96/16, 2nd floor, near sbi bank, Shadnagar"
        },
        {
            "business_status": "OPERATIONAL",
            "geometry": {
                "location": {
                    "lat": 17.0294797,
                    "lng": 78.2362225
                },
                "viewport": {
                    "northeast": {
                        "lat": 17.03084117989272,
                        "lng": 78.23761047989272
                    },
                    "southwest": {
                        "lat": 17.02814152010727,
                        "lng": 78.23491082010727
                    }
                }
            },
            "icon": "https://maps.gstatic.com/mapfiles/place_api/icons/v1/png_71/generic_business-71.png",
            "icon_background_color": "#7B9EB0",
            "icon_mask_base_uri": "https://maps.gstatic.com/mapfiles/place_api/icons/v2/generic_pinlet",
            "name": "Auro Planet",
            "opening_hours": {
                "open_now": true
            },
            "photos": [
                {
                    "height": 3456,
                    "html_attributions": [
                        "<a href=\"https://maps.google.com/maps/contrib/104405564771389494277\">A Google User</a>"
                    ],
                    "photo_reference": "AcYSjRgixne_b7CNkY7TDinz2plnoSxjx7nxKH1T1TQIFz4jVBL_0YszY1xl7OAkZQiyNP53PKoxF770s2sImUdU6PJ8xH3t09bH3CA8hSb5tX9veuNEVcx_IRrnRWnqnGnhnQyXgozsi2rZXJn_-qj07HKMlLLxNmJMT-0SDrMvUDcxVpre",
                    "width": 4608
                }
            ],
            "place_id": "ChIJC7FN2MTPyzsRGhMje8UalGY",
            "plus_code": {
                "compound_code": "26HP+QF Buchiguda, Telangana",
                "global_code": "7J9W26HP+QF"
            },
            "rating": 5,
            "reference": "ChIJC7FN2MTPyzsRGhMje8UalGY",
            "scope": "GOOGLE",
            "types": [
                "health",
                "point_of_interest",
                "establishment"
            ],
            "user_ratings_total": 11,
            "vicinity": "Hyderabad"
        }
    ],
    "status": "OK"
}