{
    "html_attributions": [],
    "results": [
        {
            "business_status": "OPERATIONAL",
            "geometry": {
                "location": {
                    "lat": 17.3773022,
                    "lng": 78.3542532
                },
                "viewport": {
                    "northeast": {
                        "lat": 17.37865462989272,
                        "lng": 78.35558922989273
                    },
                    "southwest": {
                        "lat": 17.37595497010728,
                        "lng": 78.3528895701073
                    }
                }
            },
            "icon": "https://maps.gstatic.com/mapfiles/place_api/icons/v1/png_71/museum-71.png",
            "icon_background_color": "#7B9EB0",
            "icon_mask_base_uri": "https://maps.gstatic.com/mapfiles/place_api/icons/v2/monument_pinlet",
            "name": "Chetrapati Shivaji Statue",
            "opening_hours": {
                "open_now": true
            },
            "photos": [
                {
                    "height": 3120,
                    "html_attributions": [
                        "<a href=\"https://maps.google.com/maps/contrib/118272738258591732357\">gompa ramakrishna</a>"
                    ],
                    "photo_reference": "AcYSjRhU59G15i-jHoR3TamM65F8az9nIZs10WLIX19RS1WYkXTBDoLiu9Uq4y0HZyWO4KqplguvW0ex_xqTJZKucyaW-NIY75o9x1b_xruPnyhei8J4HzlVEmTocWaOxxtDun0R8qhfJebYGsFwB3tNSx4wY7WKOQu7Sphp7SJcU1pf03T9",
                    "width": 4160
                }
            ],
            "place_id": "ChIJo4I3XUyUyzsRxrXwdxba-8o",
            "plus_code": {
                "compound_code": "99G3+WP Hyderabad, Telangana",
                "global_code": "7J9W99G3+WP"
            },
            "rating": 3.9,
            "reference": "ChIJo4I3XUyUyzsRxrXwdxba-8o",
            "scope": "GOOGLE",
            "types": [
                "point_of_interest",
                "establishment"
            ],
            "user_ratings_total": 55,
            "vicinity": "126.3, Manchirevula, Hyderabad"
        },
        {
            "business_status": "OPERATIONAL",
            "geometry": {
                "location": {
                    "lat": 17.5087386,
                    "lng": 78.3054848
                },
                "viewport": {
                    "northeast": {
                        "lat": 17.51011937989272,
                        "lng": 78.30684562989273
                    },
                    "southwest": {
                        "lat": 17.50741972010728,
                        "lng": 78.30414597010729
                    }
                }
            },
            "icon": "https://maps.gstatic.com/mapfiles/place_api/icons/v1/png_71/museum-71.png",
            "icon_background_color": "#7B9EB0",
            "icon_mask_base_uri": "https://maps.gstatic.com/mapfiles/place_api/icons/v2/monument_pinlet",
            "name": "Vallabhai Patel Statue",
            "opening_hours": {},
            "photos": [
                {
                    "height": 2304,
                    "html_attributions": [
                        "<a href=\"https://maps.google.com/maps/contrib/112904027462814364903\">Surya Rao Rayarao</a>"
                    ],
                    "photo_reference": "AcYSjRjRPkU8wd0CV5bQ_ab42UMQZal7ISR7uR8g8j9L3uZD5UzGsnwfxGrBQQoQHfwKJIldjsShVFykXTEEmge5H4_pu9upPAuM35PiPbyrJivLpd-z5LYlLy0tSFBAzLq1n8pvRvtZS6JwccE-5SOOjOyrl1JvxeHUKzV_QZ8xqDA3EqOI",
                    "width": 4608
                }
            ],
            "place_id": "ChIJs4qHw6eSyzsRlninV33fIKw",
            "rating": 4,
            "reference": "ChIJs4qHw6eSyzsRlninV33fIKw",
            "scope": "GOOGLE",
            "types": [
                "point_of_interest",
                "establishment"
            ],
            "user_ratings_total": 146,
            "vicinity": "G854+F5X, Mayuri Nagar, Ashok Nagar, Ramachandrapuram"
        },
        {
            "geometry": {
                "location": {
                    "lat": 17.4394596,
                    "lng": 78.37752429999999
                },
                "viewport": {
                    "northeast": {
                        "lat": 17.4501044,
                        "lng": 78.3935317
                    },
                    "southwest": {
                        "lat": 17.4288142,
                        "lng": 78.3615169
                    }
                }
            },
            "icon": "https://maps.gstatic.com/mapfiles/place_api/icons/v1/png_71/generic_business-71.png",
            "icon_background_color": "#7B9EB0",
            "icon_mask_base_uri": "https://maps.gstatic.com/mapfiles/place_api/icons/v2/generic_pinlet",
            "name": "Hitech City Monument",
            "place_id": "ChIJwYimpuaTyzsRpeVLB2RCivw",
            "reference": "ChIJwYimpuaTyzsRpeVLB2RCivw",
            "scope": "GOOGLE",
            "vicinity": "Hyderabad"
        },
        {
            "business_status": "OPERATIONAL",
            "geometry": {
                "location": {
                    "lat": 17.3989726,
                    "lng": 78.3774535
                },
                "viewport": {
                    "northeast": {
                        "lat": 17.40031547989272,
                        "lng": 78.37880257989272
                    },
                    "southwest": {
                        "lat": 17.39761582010728,
                        "lng": 78.37610292010727
                    }
                }
            },
            "icon": "https://maps.gstatic.com/mapfiles/place_api/icons/v1/png_71/generic_business-71.png",
            "icon_background_color": "#7B9EB0",
            "icon_mask_base_uri": "https://maps.gstatic.com/mapfiles/place_api/icons/v2/generic_pinlet",
            "name": "The Monument",
            "place_id": "ChIJvVfCI8eVyzsR0aRcItK0NUo",
            "plus_code": {
                "compound_code": "99XG+JX Manikonda Jagir, Telangana",
                "global_code": "7J9W99XG+JX"
            },
            "rating": 0,
            "reference": "ChIJvVfCI8eVyzsR0aRcItK0NUo",
            "scope": "GOOGLE",
            "types": [
                "point_of_interest",
                "establishment"
            ],
            "user_ratings_total": 0,
            "vicinity": "21/1, Balaji Nagar, Sri Ram Nagar Colony, KPR Colony, Manikonda Jagir"
        },
        {
            "business_status": "OPERATIONAL",
            "geometry": {
                "location": {
                    "lat": 17.3959576,
                    "lng": 78.4277946
                },
                "viewport": {
                    "northeast": {
                        "lat": 17.39725812989272,
                        "lng": 78.4291881798927
                    },
                    "southwest": {
                        "lat": 17.39455847010728,
                        "lng": 78.42648852010727
                    }
                }
            },
            "icon": "https://maps.gstatic.com/mapfiles/place_api/icons/v1/png_71/museum-71.png",
            "icon_background_color": "#7B9EB0",
            "icon_mask_base_uri": "https://maps.gstatic.com/mapfiles/place_api/icons/v2/monument_pinlet",
            "name": "Congress Pylon",
            "opening_hours": {
                "open_now": true
            },
            "photos": [
                {
                    "height": 566,
                    "html_attributions": [
                        "<a href=\"https://maps.google.com/maps/contrib/106168661988011103518\">sharad kachhi</a>"
                    ],
                    "photo_reference": "AcYSjRhQ7U1IhpyELiy0ojb_VpiwqTVk0RxGNiJp8fM-ATFGtJl_siOY7NIANPmWGWEwFmv0c8L8BUZkdlonbPecAJQ77cPThOfDDw1QpChVaMT4hFxZdOpuRzSJdbPKL6UHSVxAKNg1eNNPQigpItweSEh1iusNT5OIxCVW33trfMO2Hz8m",
                    "width": 1080
                }
            ],
            "place_id": "ChIJwTRNjuGWyzsRxHLKJA172-0",
            "rating": 3.9,
            "reference": "ChIJwTRNjuGWyzsRxHLKJA172-0",
            "scope": "GOOGLE",
            "types": [
                "point_of_interest",
                "establishment"
            ],
            "user_ratings_total": 98,
            "vicinity": "9CWH+94M, Nanal Nagar, Mehdipatnam, Hyderabad"
        },
        {
            "business_status": "OPERATIONAL",
            "geometry": {
                "location": {
                    "lat": 17.4492689,
                    "lng": 78.41776879999999
                },
                "viewport": {
                    "northeast": {
                        "lat": 17.45064342989272,
                        "lng": 78.41912517989272
                    },
                    "southwest": {
                        "lat": 17.44794377010728,
                        "lng": 78.41642552010727
                    }
                }
            },
            "icon": "https://maps.gstatic.com/mapfiles/place_api/icons/v1/png_71/generic_business-71.png",
            "icon_background_color": "#7B9EB0",
            "icon_mask_base_uri": "https://maps.gstatic.com/mapfiles/place_api/icons/v2/generic_pinlet",
            "name": "Monument Engineers and builders",
            "opening_hours": {
                "open_now": false
            },
            "photos": [
                {
                    "height": 554,
                    "html_attributions": [
                        "<a href=\"https://maps.google.com/maps/contrib/104292419692489733358\">A Google User</a>"
                    ],
                    "photo_reference": "AcYSjRihbmtuMkaykn-UHNpyIIOXJlwd0QuE1ZvSWq2-yw0sxAnLqfxwzhPir4SXG18d0gT4FM3-L56Q2W6VG95GD0dLwbegU2FtQTYBzPUa3_6BneEkijyDaMY_Nv7rSY4w5uIyzQvvlCULXRZbfbnrxBcbblsh477jOgnXZCN8LZ3P-u5t",
                    "width": 554
                }
            ],
            "place_id": "ChIJRw9vGmuRyzsRwRoQLz8xjwQ",
            "plus_code": {
                "compound_code": "CCX9+P4 Hyderabad, Telangana",
                "global_code": "7J9WCCX9+P4"
            },
            "rating": 0,
            "reference": "ChIJRw9vGmuRyzsRwRoQLz8xjwQ",
            "scope": "GOOGLE",
            "types": [
                "general_contractor",
                "point_of_interest",
                "establishment"
            ],
            "user_ratings_total": 0,
            "vicinity": "Habeeb Fathima Nagar Rd, Habeeb Fathima Nagar, SPR & D Hill, Borabanda, Hyderabad"
        },
        {
            "business_status": "OPERATIONAL",
            "geometry": {
                "location": {
                    "lat": 17.4486602,
                    "lng": 78.44212499999999
                },
                "viewport": {
                    "northeast": {
                        "lat": 17.45001322989272,
                        "lng": 78.44347592989273
                    },
                    "southwest": {
                        "lat": 17.44731357010727,
                        "lng": 78.44077627010728
                    }
                }
            },
            "icon": "https://maps.gstatic.com/mapfiles/place_api/icons/v1/png_71/museum-71.png",
            "icon_background_color": "#7B9EB0",
            "icon_mask_base_uri": "https://maps.gstatic.com/mapfiles/place_api/icons/v2/monument_pinlet",
            "name": "P Bhasker Rao Statue",
            "photos": [
                {
                    "height": 4160,
                    "html_attributions": [
                        "<a href=\"https://maps.google.com/maps/contrib/109954427248415603485\">shiva shivark</a>"
                    ],
                    "photo_reference": "AcYSjRgRgzTjmOI7dp_8-WEcm4EDylo5Rn8BOcqxxRIRNQFrOX62MYDuPnYDzrCviikcSnp2zUyqabxOYnn6x3a7qiPSTJQRLkUS3UcbaIMbGV7UsuosFjmIHF0-Z_LRu1a-0KTwG9Htb2uWkPB23SrR6cDwJFVl6vusUOv6S9_On6GAzLyy",
                    "width": 3120
                }
            ],
            "place_id": "ChIJgc1Op8KQyzsR908BJa4Tq-Y",
            "plus_code": {
                "compound_code": "CCXR+FR Hyderabad, Telangana",
                "global_code": "7J9WCCXR+FR"
            },
            "rating": 3.3,
            "reference": "ChIJgc1Op8KQyzsR908BJa4Tq-Y",
            "scope": "GOOGLE",
            "types": [
                "point_of_interest",
                "establishment"
            ],
            "user_ratings_total": 4,
            "vicinity": "20/A, ESI Diagnostics Rd, Model Colony, Sundar Nagar, Sanath Nagar, Hyderabad"
        },
        {
            "business_status": "OPERATIONAL",
            "geometry": {
                "location": {
                    "lat": 17.3837246,
                    "lng": 78.4000659
                },
                "viewport": {
                    "northeast": {
                        "lat": 17.3870459,
                        "lng": 78.40145687989272
                    },
                    "southwest": {
                        "lat": 17.3826175,
                        "lng": 78.39875722010727
                    }
                }
            },
            "icon": "https://maps.gstatic.com/mapfiles/place_api/icons/v1/png_71/museum-71.png",
            "icon_background_color": "#7B9EB0",
            "icon_mask_base_uri": "https://maps.gstatic.com/mapfiles/place_api/icons/v2/monument_pinlet",
            "name": "Amber Khana",
            "opening_hours": {
                "open_now": true
            },
            "photos": [
                {
                    "height": 4032,
                    "html_attributions": [
                        "<a href=\"https://maps.google.com/maps/contrib/106305897212751676129\">sudipto chakraborthy</a>"
                    ],
                    "photo_reference": "AcYSjRg8KZ7Y3EsCin1w-SjuO0M7asG49RmZiBMLx1jNEClEIepq0Wlm0sX5c8Rf93vcqa-Jt_1ttI5Zh3Bv2v_Q3zCtnFuBsD_ZN6w0X-S_lIBHLDO_UIyGh_b7YqDH1t6smDwl2BW1FtN6n0nK4Uw54Lh9zkhy8Ut9rHccksxhCg2COlT4",
                    "width": 3024
                }
            ],
            "place_id": "ChIJiVCk646WyzsRoMM49esboTE",
            "rating": 4.3,
            "reference": "ChIJiVCk646WyzsRoMM49esboTE",
            "scope": "GOOGLE",
            "types": [
                "point_of_interest",
                "establishment"
            ],
            "user_ratings_total": 69,
            "vicinity": "9CM2+F2P, Khair Complex, Golconda Fort, Hyderabad"
        },
        {
            "business_status": "OPERATIONAL",
            "geometry": {
                "location": {
                    "lat": 17.4928276,
                    "lng": 78.4407906
                },
                "viewport": {
                    "northeast": {
                        "lat": 17.49420342989272,
                        "lng": 78.44211977989272
                    },
                    "southwest": {
                        "lat": 17.49150377010728,
                        "lng": 78.43942012010727
                    }
                }
            },
            "icon": "https://maps.gstatic.com/mapfiles/place_api/icons/v1/png_71/generic_business-71.png",
            "icon_background_color": "#13B5C7",
            "icon_mask_base_uri": "https://maps.gstatic.com/mapfiles/place_api/icons/v2/generic_pinlet",
            "name": "Rajeev Gandhi Statue",
            "place_id": "ChIJJ5Mn3buRyzsRzNd9VXal1nc",
            "rating": 0,
            "reference": "ChIJJ5Mn3buRyzsRzNd9VXal1nc",
            "scope": "GOOGLE",
            "types": [
                "point_of_interest",
                "establishment"
            ],
            "user_ratings_total": 0,
            "vicinity": "FCVR+48M, Gandhi Nagar Rd, Nanda Nagar, Balanagar, Hyderabad"
        },
        {
            "business_status": "OPERATIONAL",
            "geometry": {
                "location": {
                    "lat": 17.3959015,
                    "lng": 78.39699999999999
                },
                "viewport": {
                    "northeast": {
                        "lat": 17.39724957989272,
                        "lng": 78.39839447989272
                    },
                    "southwest": {
                        "lat": 17.39454992010728,
                        "lng": 78.39569482010728
                    }
                }
            },
            "icon": "https://maps.gstatic.com/mapfiles/place_api/icons/v1/png_71/museum-71.png",
            "icon_background_color": "#7B9EB0",
            "icon_mask_base_uri": "https://maps.gstatic.com/mapfiles/place_api/icons/v2/monument_pinlet",
            "name": "Tomb of Fatima Khanam",
            "opening_hours": {
                "open_now": true
            },
            "photos": [
                {
                    "height": 2448,
                    "html_attributions": [
                        "<a href=\"https://maps.google.com/maps/contrib/106810223154890591796\">Nejumudheen KV</a>"
                    ],
                    "photo_reference": "AcYSjRjo5sZ_b0thoVtWQ-NUqIEmoeRav2Aeys3GTcbqKouz1zlxB35FF72yZP5NU2i_3ykIgVHIp64CuSYJ5u-v5SVZ8Cu6pwQQVGzhGBS72-EwEVz-BLsaoiNGFlFTgxb3pvoM48DFUOakAsHkKtqrAN3WAoYthMpgbBdoY3RkEy-IfbjC",
                    "width": 3264
                }
            ],
            "place_id": "ChIJTyF3G5eWyzsRwzXWhLHHMvw",
            "rating": 3.9,
            "reference": "ChIJTyF3G5eWyzsRwzXWhLHHMvw",
            "scope": "GOOGLE",
            "types": [
                "point_of_interest",
                "establishment"
            ],
            "user_ratings_total": 22,
            "vicinity": "99WW+9R5, Qutub Shahi Tomb Rd, Qutub Shahi Tombs, Hyderabad"
        },
        {
            "business_status": "OPERATIONAL",
            "geometry": {
                "location": {
                    "lat": 17.5054805,
                    "lng": 78.4211387
                },
                "viewport": {
                    "northeast": {
                        "lat": 17.50679237989272,
                        "lng": 78.42247612989273
                    },
                    "southwest": {
                        "lat": 17.50409272010728,
                        "lng": 78.41977647010728
                    }
                }
            },
            "icon": "https://maps.gstatic.com/mapfiles/place_api/icons/v1/png_71/generic_business-71.png",
            "icon_background_color": "#7B9EB0",
            "icon_mask_base_uri": "https://maps.gstatic.com/mapfiles/place_api/icons/v2/generic_pinlet",
            "name": "Dr. B. R. Ambedkar Statue",
            "place_id": "ChIJu-sxvUuRyzsRdWF_kRuI-Oc",
            "rating": 5,
            "reference": "ChIJu-sxvUuRyzsRdWF_kRuI-Oc",
            "scope": "GOOGLE",
            "types": [
                "point_of_interest",
                "establishment"
            ],
            "user_ratings_total": 1,
            "vicinity": "GC4C+5FR, Shirdi Hills, Shiva Nagar, Ring Basthi, Jagathgiri Gutta, Hyderabad"
        },
        {
            "business_status": "OPERATIONAL",
            "geometry": {
                "location": {
                    "lat": 17.4541635,
                    "lng": 78.3788788
                },
                "viewport": {
                    "northeast": {
                        "lat": 17.45547172989272,
                        "lng": 78.38017307989271
                    },
                    "southwest": {
                        "lat": 17.45277207010728,
                        "lng": 78.37747342010728
                    }
                }
            },
            "icon": "https://maps.gstatic.com/mapfiles/place_api/icons/v1/png_71/generic_business-71.png",
            "icon_background_color": "#7B9EB0",
            "icon_mask_base_uri": "https://maps.gstatic.com/mapfiles/place_api/icons/v2/generic_pinlet",
            "name": "Indira Gandhi Statue",
            "opening_hours": {
                "open_now": true
            },
            "photos": [
                {
                    "height": 4608,
                    "html_attributions": [
                        "<a href=\"https://maps.google.com/maps/contrib/115821392789860672220\">Ranganayaki Srinivas</a>"
                    ],
                    "photo_reference": "AcYSjRhCKzogDi4ca8eN_BUl3bQ48RIQJfC3gM1a3SIY4WfEbSZ1zsvfgFE-zzJeEZ53q6TtYmRRz1K3ERbpU4OykYsvuTBj7OWsU5FVwPq0jrOPQxOKVImIDkxu2FRBHo0SQgC2PS-XJaPKXl_PWysEqaAl5CS90FRxjN_H45Awa95YLTO1",
                    "width": 3456
                }
            ],
            "place_id": "ChIJmbWlhtmTyzsRA9yJayK8N-0",
            "rating": 4.3,
            "reference": "ChIJmbWlhtmTyzsRA9yJayK8N-0",
            "scope": "GOOGLE",
            "types": [
                "point_of_interest",
                "establishment"
            ],
            "user_ratings_total": 12,
            "vicinity": "F93H+MH6, Hitech City Rd, Opposite Shilparamam, Surya Enclave, Madhapur"
        },
        {
            "business_status": "OPERATIONAL",
            "geometry": {
                "location": {
                    "lat": 17.3950024,
                    "lng": 78.3967945
                },
                "viewport": {
                    "northeast": {
                        "lat": 17.39649632989272,
                        "lng": 78.4016574
                    },
                    "southwest": {
                        "lat": 17.39379667010727,
                        "lng": 78.39511979999999
                    }
                }
            },
            "icon": "https://maps.gstatic.com/mapfiles/place_api/icons/v1/png_71/generic_business-71.png",
            "icon_background_color": "#7B9EB0",
            "icon_mask_base_uri": "https://maps.gstatic.com/mapfiles/place_api/icons/v2/generic_pinlet",
            "name": "Qutb Shahi Tombs",
            "opening_hours": {
                "open_now": true
            },
            "photos": [
                {
                    "height": 4016,
                    "html_attributions": [
                        "<a href=\"https://maps.google.com/maps/contrib/116150715121803205530\">ravi reddy</a>"
                    ],
                    "photo_reference": "AcYSjRhWLxqB8C-Cz8tPL03POkARvrRTNp3ZR2AOZNI8t2Ykd988jyaTG4xuosVN6SZnP-ifa_JLgTc2KyVSbw02PrI-KFZg43ngZM1T6b3Z6aPP5q379Iy5rpiNX4GEC22CiRSreJD4aY__UujlP2y6GcCaIR3H183PCugNTc9BmA-fH_TJ",
                    "width": 6016
                }
            ],
            "place_id": "ChIJEadvQpeWyzsR9dHNyw6hS4A",
            "plus_code": {
                "compound_code": "99WW+2P Hyderabad, Telangana",
                "global_code": "7J9W99WW+2P"
            },
            "rating": 4.4,
            "reference": "ChIJEadvQpeWyzsR9dHNyw6hS4A",
            "scope": "GOOGLE",
            "types": [
                "tourist_attraction",
                "point_of_interest",
                "establishment"
            ],
            "user_ratings_total": 16763,
            "vicinity": "Qutub Shahi Tombs, Hyderabad"
        },
        {
            "business_status": "OPERATIONAL",
            "geometry": {
                "location": {
                    "lat": 17.4570819,
                    "lng": 78.4036412
                },
                "viewport": {
                    "northeast": {
                        "lat": 17.45843102989272,
                        "lng": 78.40499062989272
                    },
                    "southwest": {
                        "lat": 17.45573137010728,
                        "lng": 78.40229097010727
                    }
                }
            },
            "icon": "https://maps.gstatic.com/mapfiles/place_api/icons/v1/png_71/park-71.png",
            "icon_background_color": "#4DB546",
            "icon_mask_base_uri": "https://maps.gstatic.com/mapfiles/place_api/icons/v2/tree_pinlet",
            "name": "Gayatrinagar Gandhi Statue",
            "opening_hours": {},
            "photos": [
                {
                    "height": 4000,
                    "html_attributions": [
                        "<a href=\"https://maps.google.com/maps/contrib/100451989525260728524\">murali i</a>"
                    ],
                    "photo_reference": "AcYSjRjA6h6el6Q4AVLySIbIaIt4DV_ir8WOPdXzVfDTAXO-VhM0NnajD4b7ngZ3FXS2Ix_9CNjmy44x5UANsaZKbIxckG4eLZoUJZXqwQPegrUqfkEQbfoyrLnwCsIDvtPYQ2_OlBHSmMr0OmW3HKZhRUadywFuQZ4rn-fHDvTkzVbzilnJ",
                    "width": 3008
                }
            ],
            "place_id": "ChIJ-cOlem2RyzsRrMtRwAtvgoc",
            "rating": 4.2,
            "reference": "ChIJ-cOlem2RyzsRrMtRwAtvgoc",
            "scope": "GOOGLE",
            "types": [
                "park",
                "point_of_interest",
                "establishment"
            ],
            "user_ratings_total": 238,
            "vicinity": "FC43+RFJ, Allapur Rd, Jyothi Nagar, Gayatri Nagar, Allapur, Borabanda, Hyderabad"
        },
        {
            "business_status": "OPERATIONAL",
            "geometry": {
                "location": {
                    "lat": 17.4207308,
                    "lng": 78.37244919999999
                },
                "viewport": {
                    "northeast": {
                        "lat": 17.42206872989273,
                        "lng": 78.37375262989272
                    },
                    "southwest": {
                        "lat": 17.41936907010728,
                        "lng": 78.37105297010727
                    }
                }
            },
            "icon": "https://maps.gstatic.com/mapfiles/place_api/icons/v1/png_71/generic_business-71.png",
            "icon_background_color": "#13B5C7",
            "icon_mask_base_uri": "https://maps.gstatic.com/mapfiles/place_api/icons/v2/generic_pinlet",
            "name": "Statue of emptyness",
            "opening_hours": {
                "open_now": true
            },
            "photos": [
                {
                    "height": 3906,
                    "html_attributions": [
                        "<a href=\"https://maps.google.com/maps/contrib/112448912744670187081\">Santhosh Kumar</a>"
                    ],
                    "photo_reference": "AcYSjRifhozzXC4nc1nJFl3HvCpcfgIecBCiBcmjEm28WE2mTsMBOVFq4fxy33qQyR5AgCHpg2ahQkZWlLze13MhNPU2pLJBPVcASEaO17ZxMlBxulNI1nlW7Wv2q6RnlksO5YfaJGTRMSNDGqcgMmMjtqfs4CdDj0ASJQLHz5imWGUTT56P",
                    "width": 7758
                }
            ],
            "place_id": "ChIJSW37XcKVyzsRoBcSL5k_PYU",
            "rating": 4.4,
            "reference": "ChIJSW37XcKVyzsRoBcSL5k_PYU",
            "scope": "GOOGLE",
            "types": [
                "tourist_attraction",
                "point_of_interest",
                "establishment"
            ],
            "user_ratings_total": 316,
            "vicinity": "C9CC+7XW, ESCI Rd, Sai Aishwarya Layout, Madhura Nagar Colony, Gachibowli, Hyderabad"
        },
        {
            "business_status": "OPERATIONAL",
            "geometry": {
                "location": {
                    "lat": 17.3837235,
                    "lng": 78.40037269999999
                },
                "viewport": {
                    "northeast": {
                        "lat": 17.38704645,
                        "lng": 78.40158937989271
                    },
                    "southwest": {
                        "lat": 17.38261585,
                        "lng": 78.39888972010726
                    }
                }
            },
            "icon": "https://maps.gstatic.com/mapfiles/place_api/icons/v1/png_71/generic_business-71.png",
            "icon_background_color": "#13B5C7",
            "icon_mask_base_uri": "https://maps.gstatic.com/mapfiles/place_api/icons/v2/generic_pinlet",
            "name": "Qutub Shahi Masjid",
            "opening_hours": {
                "open_now": true
            },
            "photos": [
                {
                    "height": 864,
                    "html_attributions": [
                        "<a href=\"https://maps.google.com/maps/contrib/100529990744736418104\">Tripti Patra</a>"
                    ],
                    "photo_reference": "AcYSjRhyRUSynlQJL05nj_ImzQA5ArSPwUohF5b2rA6vKEiAZuU0gS2UJOK3u4mmQePPAXaheVVDovPqX-dtc3suRl8GzVFUofxM-eZm8QVYRrCWceMF7gqt4R-U0HPEvZ4bqjZjsuR8k5h8_QIxl3Y-m1--5gI4fw2ybC9jUVBqZiup5PZQ",
                    "width": 1152
                }
            ],
            "place_id": "ChIJ4Q3flI6WyzsRG6Mt5yBwq_w",
            "rating": 4.4,
            "reference": "ChIJ4Q3flI6WyzsRG6Mt5yBwq_w",
            "scope": "GOOGLE",
            "types": [
                "tourist_attraction",
                "point_of_interest",
                "establishment"
            ],
            "user_ratings_total": 86,
            "vicinity": "9CM2+F4Q, Khair Complex, Golconda Fort, Hyderabad"
        },
        {
            "business_status": "OPERATIONAL",
            "geometry": {
                "location": {
                    "lat": 17.3941112,
                    "lng": 78.39497109999999
                },
                "viewport": {
                    "northeast": {
                        "lat": 17.39592277989272,
                        "lng": 78.39595997989271
                    },
                    "southwest": {
                        "lat": 17.39322312010728,
                        "lng": 78.39326032010727
                    }
                }
            },
            "icon": "https://maps.gstatic.com/mapfiles/place_api/icons/v1/png_71/generic_business-71.png",
            "icon_background_color": "#13B5C7",
            "icon_mask_base_uri": "https://maps.gstatic.com/mapfiles/place_api/icons/v2/generic_pinlet",
            "name": "Tomb of Mohammad Quli Qutub Shah",
            "opening_hours": {
                "open_now": true
            },
            "photos": [
                {
                    "height": 3000,
                    "html_attributions": [
                        "<a href=\"https://maps.google.com/maps/contrib/102785285031914487529\">sunil pratap singh</a>"
                    ],
                    "photo_reference": "AcYSjRj_9QC00qZUo4nBJAJgkSg-wtBoLvGDxZlAQdLXuxI0c3WdOb648bx3XfyRGaCwzj0twaBkfW2qOZOQTmS-cQa7m7aSLTvmehWsmObqxZ098d4_hB01-mPtrnkWBobgaYx4XNfQSfveOllHDc-YBCo6nNadn04GW5SxTgU5qftGF724",
                    "width": 4000
                }
            ],
            "place_id": "ChIJG8CK-pmWyzsR_yBLi9DQuSw",
            "rating": 4.3,
            "reference": "ChIJG8CK-pmWyzsR_yBLi9DQuSw",
            "scope": "GOOGLE",
            "types": [
                "point_of_interest",
                "establishment"
            ],
            "user_ratings_total": 67,
            "vicinity": "99VV+JXX, Qutub Shahi Tombs, Hyderabad"
        },
        {
            "business_status": "OPERATIONAL",
            "geometry": {
                "location": {
                    "lat": 17.3842008,
                    "lng": 78.4027919
                },
                "viewport": {
                    "northeast": {
                        "lat": 17.38548227989272,
                        "lng": 78.40436847989271
                    },
                    "southwest": {
                        "lat": 17.38278262010728,
                        "lng": 78.40166882010728
                    }
                }
            },
            "icon": "https://maps.gstatic.com/mapfiles/place_api/icons/v1/png_71/generic_business-71.png",
            "icon_background_color": "#13B5C7",
            "icon_mask_base_uri": "https://maps.gstatic.com/mapfiles/place_api/icons/v2/generic_pinlet",
            "name": "Bala Hissar Darwaza",
            "opening_hours": {
                "open_now": true
            },
            "photos": [
                {
                    "height": 1836,
                    "html_attributions": [
                        "<a href=\"https://maps.google.com/maps/contrib/107074554641495403713\">Dhananjaya raju konduru</a>"
                    ],
                    "photo_reference": "AcYSjRjZWVovFJ6pyclfN3Rm0fUxBjLs2OCgOCu8C06W3VdA8w227LdrZSwwe1_oGv-GzpG_wpGrWunojrqyJ83KfEp7O6NSmSziRu5WRBiJGf4Y5s0M-HjlosrSeoh0OCH2aB0HgIcVbYl1QKkH7lzN88DDwq0pU50Wqpx3M3GZY8a4owMQ",
                    "width": 3264
                }
            ],
            "place_id": "ChIJv27XO4yWyzsRl9j36JwqKw8",
            "rating": 4.4,
            "reference": "ChIJv27XO4yWyzsRl9j36JwqKw8",
            "scope": "GOOGLE",
            "types": [
                "tourist_attraction",
                "point_of_interest",
                "establishment"
            ],
            "user_ratings_total": 1143,
            "vicinity": "9CM3+M4M, Khair Complex, Golconda Fort, Hyderabad"
        },
        {
            "business_status": "OPERATIONAL",
            "geometry": {
                "location": {
                    "lat": 17.3901242,
                    "lng": 78.4128143
                },
                "viewport": {
                    "northeast": {
                        "lat": 17.39147247989272,
                        "lng": 78.41413122989272
                    },
                    "southwest": {
                        "lat": 17.38877282010728,
                        "lng": 78.41143157010727
                    }
                }
            },
            "icon": "https://maps.gstatic.com/mapfiles/place_api/icons/v1/png_71/generic_business-71.png",
            "icon_background_color": "#13B5C7",
            "icon_mask_base_uri": "https://maps.gstatic.com/mapfiles/place_api/icons/v2/generic_pinlet",
            "name": "Fateh Rahbar Gun",
            "photos": [
                {
                    "height": 430,
                    "html_attributions": [
                        "<a href=\"https://maps.google.com/maps/contrib/105457687607833430106\">Tucker McGaw</a>"
                    ],
                    "photo_reference": "AcYSjRhX3HV5-1z-aKoLuD0SqcLCtVA8AFJdOZ60igcLaUiFDor9GOPl355BBGPo-5C7Fw-2ds3dzfgr8ubUYQz1X-R-jRJO6sSlHIEXmzrEVEHdNrTbGHDzHWlWXik92lG9Vxh3UECqEwX3JeXZr-zgAED4-IZqevkoiTEjOhVGhf0Zpz_w",
                    "width": 381
                }
            ],
            "place_id": "ChIJB9lCCu6WyzsRoihAil-UrmI",
            "rating": 4.4,
            "reference": "ChIJB9lCCu6WyzsRoihAil-UrmI",
            "scope": "GOOGLE",
            "types": [
                "point_of_interest",
                "establishment"
            ],
            "user_ratings_total": 68,
            "vicinity": "9CR7+242, Qutub Shahi Masjid Trail, Naya Qila, Golconda Fort, Hyderabad"
        }
    ],
    "status": "OK"
}