{
    "html_attributions": [],
    "results": [
        {
            "business_status": "OPERATIONAL",
            "geometry": {
                "location": {
                    "lat": 17.4532916,
                    "lng": 78.37660699999999
                },
                "viewport": {
                    "northeast": {
                        "lat": 17.45456587989272,
                        "lng": 78.37802357989271
                    },
                    "southwest": {
                        "lat": 17.45186622010728,
                        "lng": 78.37532392010728
                    }
                }
            },
            "icon": "https://maps.gstatic.com/mapfiles/place_api/icons/v1/png_71/museum-71.png",
            "icon_background_color": "#13B5C7",
            "icon_mask_base_uri": "https://maps.gstatic.com/mapfiles/place_api/icons/v2/museum_pinlet",
            "name": "Village Museum, Shilparamam",
            "opening_hours": {
                "open_now": true
            },
            "photos": [
                {
                    "height": 584,
                    "html_attributions": [
                        "<a href=\"https://maps.google.com/maps/contrib/111538104798750239318\">A Google User</a>"
                    ],
                    "photo_reference": "AcYSjRjAThhwkxtXNuIpQr4yyN6skHwFoLEIlsxvkd7u0cyi-bZoJBW3D7KzhS74kVO1p_3VcZx1qyMhD0fBwbkDTX0OHNa7hzvn2tjF8-Kocz5VitRmwPSqMiPpOaqEHVzXpuyTAHwt6egufDe21lftuTK73VXC69JbXtKebcjWuQLrrsmR",
                    "width": 1080
                }
            ],
            "place_id": "ChIJWb-QWSuTyzsRzlvfAHi1Fzg",
            "rating": 4.5,
            "reference": "ChIJWb-QWSuTyzsRzlvfAHi1Fzg",
            "scope": "GOOGLE",
            "types": [
                "museum",
                "point_of_interest",
                "establishment"
            ],
            "user_ratings_total": 599,
            "vicinity": "F93G+8J9, Jubilee Enclave, HITEC City, Hyderabad"
        },
        {
            "business_status": "OPERATIONAL",
            "geometry": {
                "location": {
                    "lat": 17.4519236,
                    "lng": 78.3783524
                },
                "viewport": {
                    "northeast": {
                        "lat": 17.45356082989272,
                        "lng": 78.37964672989271
                    },
                    "southwest": {
                        "lat": 17.45086117010728,
                        "lng": 78.37694707010728
                    }
                }
            },
            "icon": "https://maps.gstatic.com/mapfiles/place_api/icons/v1/png_71/museum-71.png",
            "icon_background_color": "#13B5C7",
            "icon_mask_base_uri": "https://maps.gstatic.com/mapfiles/place_api/icons/v2/museum_pinlet",
            "name": "Handicrafts Museum, ShilpaRamam.",
            "opening_hours": {
                "open_now": true
            },
            "photos": [
                {
                    "height": 3279,
                    "html_attributions": [
                        "<a href=\"https://maps.google.com/maps/contrib/110331361703698263839\">anuvrat.ca</a>"
                    ],
                    "photo_reference": "AcYSjRiChZe_YcjovhZm2WCOE3bc6K-Jr3_MXSvUekk-NdA9ApbhJOEVpfVumWOwWT4qe1TxZg0jcEc9GhlbxQQelZE7k9OmRCbpEjw13TMB79S7WoYz3KMAJbFsufrrcOd2HWFQiDobwttPlwIGx1GDelGh1wSw9blcqK028FfcwF-CP99F",
                    "width": 2075
                }
            ],
            "place_id": "ChIJv6E5s8eTyzsRr4A5K4K_O8o",
            "rating": 4.3,
            "reference": "ChIJv6E5s8eTyzsRr4A5K4K_O8o",
            "scope": "GOOGLE",
            "types": [
                "museum",
                "point_of_interest",
                "establishment"
            ],
            "user_ratings_total": 7,
            "vicinity": "F92H+Q89, Jubilee Enclave, HITEC City, Hyderabad"
        },
        {
            "business_status": "OPERATIONAL",
            "geometry": {
                "location": {
                    "lat": 17.3951705,
                    "lng": 78.4098485
                },
                "viewport": {
                    "northeast": {
                        "lat": 17.39649012989272,
                        "lng": 78.41117567989272
                    },
                    "southwest": {
                        "lat": 17.39379047010727,
                        "lng": 78.40847602010727
                    }
                }
            },
            "icon": "https://maps.gstatic.com/mapfiles/place_api/icons/v1/png_71/museum-71.png",
            "icon_background_color": "#13B5C7",
            "icon_mask_base_uri": "https://maps.gstatic.com/mapfiles/place_api/icons/v2/museum_pinlet",
            "name": "Sayeed Thermacol Arts Museum",
            "opening_hours": {
                "open_now": true
            },
            "photos": [
                {
                    "height": 1600,
                    "html_attributions": [
                        "<a href=\"https://maps.google.com/maps/contrib/118347923018788209075\">A Google User</a>"
                    ],
                    "photo_reference": "AcYSjRhsyWkgvTVHekT6FG-AKV2Cui-sqap8PbQ5lYqCnF5VJt92jQtNPmF-VcTCIKSAU8Nxo9Df6mDpb4ZQU9SYpwgey-qYDm0TtBDjLbh_d4I3K_LVkeDUCziVPJ4a-SXDg_lrPrDPgqjC-mcJ7Z_KBxEp4nWaxvX6zrio6BxDHsAViece",
                    "width": 720
                }
            ],
            "place_id": "ChIJfalTneuWyzsRWrKUgCJZOdA",
            "plus_code": {
                "compound_code": "9CW5+3W Hyderabad, Telangana",
                "global_code": "7J9W9CW5+3W"
            },
            "rating": 4.3,
            "reference": "ChIJfalTneuWyzsRWrKUgCJZOdA",
            "scope": "GOOGLE",
            "types": [
                "museum",
                "point_of_interest",
                "establishment"
            ],
            "user_ratings_total": 73,
            "vicinity": "Raghava Colony, Vali Colony, Toli Chowki, Hyderabad"
        },
        {
            "business_status": "OPERATIONAL",
            "geometry": {
                "location": {
                    "lat": 17.4520784,
                    "lng": 78.3785573
                },
                "viewport": {
                    "northeast": {
                        "lat": 17.45327632989272,
                        "lng": 78.38009382989272
                    },
                    "southwest": {
                        "lat": 17.45057667010727,
                        "lng": 78.37739417010727
                    }
                }
            },
            "icon": "https://maps.gstatic.com/mapfiles/place_api/icons/v1/png_71/museum-71.png",
            "icon_background_color": "#13B5C7",
            "icon_mask_base_uri": "https://maps.gstatic.com/mapfiles/place_api/icons/v2/museum_pinlet",
            "name": "Leather Puppet Mnnnnnnuseum, ShilpaRamam, HYD.",
            "photos": [
                {
                    "height": 2280,
                    "html_attributions": [
                        "<a href=\"https://maps.google.com/maps/contrib/117320142226969513410\">A Google User</a>"
                    ],
                    "photo_reference": "AcYSjRiASeVX-Su-Tl2A-06ULLV2aQ2Ae8KYNeCCglJBe68Kpg-6lyxQezCmV9q6i4JXpBNg4ntiduFGoaGmrcRNKxx6rwx9qvN6rvuCHFfFBxhOhMzZzrhW2ui45oF2NVvD9AOTxwsRhRPg7Qnz6BudcRboOEiiNo_wnDAxFNFeM12SAwrY",
                    "width": 1080
                }
            ],
            "place_id": "ChIJ6XZ9rPqTyzsRIAkw5-ZpmyU",
            "rating": 3,
            "reference": "ChIJ6XZ9rPqTyzsRIAkw5-ZpmyU",
            "scope": "GOOGLE",
            "types": [
                "museum",
                "point_of_interest",
                "establishment"
            ],
            "user_ratings_total": 1,
            "vicinity": "F92H+RCM, Jubilee Enclave, HITEC City, Hyderabad"
        },
        {
            "business_status": "OPERATIONAL",
            "geometry": {
                "location": {
                    "lat": 17.4507824,
                    "lng": 78.31052
                },
                "viewport": {
                    "northeast": {
                        "lat": 17.45209472989272,
                        "lng": 78.31185562989272
                    },
                    "southwest": {
                        "lat": 17.44939507010727,
                        "lng": 78.30915597010727
                    }
                }
            },
            "icon": "https://maps.gstatic.com/mapfiles/place_api/icons/v1/png_71/museum-71.png",
            "icon_background_color": "#13B5C7",
            "icon_mask_base_uri": "https://maps.gstatic.com/mapfiles/place_api/icons/v2/museum_pinlet",
            "name": "Handmade with Love",
            "opening_hours": {
                "open_now": false
            },
            "place_id": "ChIJJ0-63H6TyzsRhh7s5VQqSU0",
            "plus_code": {
                "compound_code": "F826+86 Hyderabad, Telangana",
                "global_code": "7J9WF826+86"
            },
            "rating": 0,
            "reference": "ChIJJ0-63H6TyzsRhh7s5VQqSU0",
            "scope": "GOOGLE",
            "types": [
                "museum",
                "point_of_interest",
                "establishment"
            ],
            "user_ratings_total": 0,
            "vicinity": "Gopan Pally, near HCU South Gate, Gachibowli, Hyderabad"
        },
        {
            "business_status": "OPERATIONAL",
            "geometry": {
                "location": {
                    "lat": 17.4056115,
                    "lng": 78.41501199999999
                },
                "viewport": {
                    "northeast": {
                        "lat": 17.40695677989272,
                        "lng": 78.41631737989272
                    },
                    "southwest": {
                        "lat": 17.40425712010728,
                        "lng": 78.41361772010727
                    }
                }
            },
            "icon": "https://maps.gstatic.com/mapfiles/place_api/icons/v1/png_71/museum-71.png",
            "icon_background_color": "#13B5C7",
            "icon_mask_base_uri": "https://maps.gstatic.com/mapfiles/place_api/icons/v2/museum_pinlet",
            "name": "Grace candles",
            "opening_hours": {
                "open_now": true
            },
            "place_id": "ChIJV72FQuSXyzsRivoA9f2Ep4U",
            "plus_code": {
                "compound_code": "CC48+62 Hyderabad, Telangana",
                "global_code": "7J9WCC48+62"
            },
            "rating": 0,
            "reference": "ChIJV72FQuSXyzsRivoA9f2Ep4U",
            "scope": "GOOGLE",
            "types": [
                "museum",
                "point_of_interest",
                "establishment"
            ],
            "user_ratings_total": 0,
            "vicinity": "Prime Enclave, Flat no 201, IAS Colony Rd, Paramount Hills, Toli Chowki, Hyderabad"
        },
        {
            "business_status": "OPERATIONAL",
            "geometry": {
                "location": {
                    "lat": 17.5182454,
                    "lng": 78.39254210000001
                },
                "viewport": {
                    "northeast": {
                        "lat": 17.51987397989272,
                        "lng": 78.39398357989273
                    },
                    "southwest": {
                        "lat": 17.51717432010728,
                        "lng": 78.39128392010728
                    }
                }
            },
            "icon": "https://maps.gstatic.com/mapfiles/place_api/icons/v1/png_71/museum-71.png",
            "icon_background_color": "#13B5C7",
            "icon_mask_base_uri": "https://maps.gstatic.com/mapfiles/place_api/icons/v2/museum_pinlet",
            "name": "Free Fire",
            "photos": [
                {
                    "height": 960,
                    "html_attributions": [
                        "<a href=\"https://maps.google.com/maps/contrib/113417340454142850501\">A Google User</a>"
                    ],
                    "photo_reference": "AcYSjRirosI4-IC19yqeA6sVXXfKGBvJMBLDDcYi7DF4PlrWBaGDEidRkWSIEuHgjNbWRJm_TYHPXRec96ZflYL3RfxjC0-C7po4pKDY32viFKnRrXykxPrLkttkFqoiJh2WT_CE0PpuynidmgeqQmShoev8pXeOTOqc663BFeSzp4Njzwah",
                    "width": 720
                }
            ],
            "place_id": "ChIJpRPyHGiPyzsRN9a4xxNQC60",
            "plus_code": {
                "compound_code": "G99V+72 Hyderabad, Telangana",
                "global_code": "7J9WG99V+72"
            },
            "rating": 1.7,
            "reference": "ChIJpRPyHGiPyzsRN9a4xxNQC60",
            "scope": "GOOGLE",
            "types": [
                "museum",
                "point_of_interest",
                "establishment"
            ],
            "user_ratings_total": 3,
            "vicinity": "Plot No. 378 Siddana's Nilayam, Pragathi Nagar, Hyderabad"
        },
        {
            "business_status": "OPERATIONAL",
            "geometry": {
                "location": {
                    "lat": 17.4808739,
                    "lng": 78.36272699999999
                },
                "viewport": {
                    "northeast": {
                        "lat": 17.48221032989272,
                        "lng": 78.36407597989272
                    },
                    "southwest": {
                        "lat": 17.47951067010727,
                        "lng": 78.36137632010728
                    }
                }
            },
            "icon": "https://maps.gstatic.com/mapfiles/place_api/icons/v1/png_71/museum-71.png",
            "icon_background_color": "#13B5C7",
            "icon_mask_base_uri": "https://maps.gstatic.com/mapfiles/place_api/icons/v2/museum_pinlet",
            "name": "Rajiv Gandhi Statue",
            "place_id": "ChIJZ1jqMmeTyzsRT-q7eDy9D34",
            "rating": 5,
            "reference": "ChIJZ1jqMmeTyzsRT-q7eDy9D34",
            "scope": "GOOGLE",
            "types": [
                "museum",
                "point_of_interest",
                "establishment"
            ],
            "user_ratings_total": 3,
            "vicinity": "F9J7+83X, New, Aditya Nagar, Hafeezpet"
        },
        {
            "business_status": "OPERATIONAL",
            "geometry": {
                "location": {
                    "lat": 17.4508384,
                    "lng": 78.37672069999999
                },
                "viewport": {
                    "northeast": {
                        "lat": 17.45218822989272,
                        "lng": 78.37813662989272
                    },
                    "southwest": {
                        "lat": 17.44948857010728,
                        "lng": 78.37543697010727
                    }
                }
            },
            "icon": "https://maps.gstatic.com/mapfiles/place_api/icons/v1/png_71/museum-71.png",
            "icon_background_color": "#13B5C7",
            "icon_mask_base_uri": "https://maps.gstatic.com/mapfiles/place_api/icons/v2/museum_pinlet",
            "name": "Sculpture Park Shilparamam",
            "opening_hours": {
                "open_now": true
            },
            "photos": [
                {
                    "height": 3464,
                    "html_attributions": [
                        "<a href=\"https://maps.google.com/maps/contrib/100722548322069186990\">Praveen Bolla</a>"
                    ],
                    "photo_reference": "AcYSjRiHrcyErEfq7FlF1uxV4KjBUn8EcmtfFaXFcLlLHDAc8pYzcGVGGtfcdOry6htwAlLVy2TJkgnfMRj5I6DbKioFbmVjcfaEBT5pBYTampo8QH91fs0iKGiqXWLJyPeZgptydTBLT9QqaFlytoDQfWDDQ1rjIrM9Whejlyom-KGlmMRd",
                    "width": 4618
                }
            ],
            "place_id": "ChIJj1KOiduTyzsRjYXdFPMfr-U",
            "rating": 4.4,
            "reference": "ChIJj1KOiduTyzsRjYXdFPMfr-U",
            "scope": "GOOGLE",
            "types": [
                "museum",
                "point_of_interest",
                "establishment"
            ],
            "user_ratings_total": 417,
            "vicinity": "F92G+8MQ, Jubilee Enclave, HITEC City, Hyderabad"
        },
        {
            "business_status": "OPERATIONAL",
            "geometry": {
                "location": {
                    "lat": 17.4006506,
                    "lng": 78.30149740000002
                },
                "viewport": {
                    "northeast": {
                        "lat": 17.40199777989272,
                        "lng": 78.30287782989271
                    },
                    "southwest": {
                        "lat": 17.39929812010728,
                        "lng": 78.30017817010727
                    }
                }
            },
            "icon": "https://maps.gstatic.com/mapfiles/place_api/icons/v1/png_71/museum-71.png",
            "icon_background_color": "#13B5C7",
            "icon_mask_base_uri": "https://maps.gstatic.com/mapfiles/place_api/icons/v2/museum_pinlet",
            "name": "Local guide",
            "photos": [
                {
                    "height": 512,
                    "html_attributions": [
                        "<a href=\"https://maps.google.com/maps/contrib/118117280322192623691\">A Google User</a>"
                    ],
                    "photo_reference": "AcYSjRjErSW9Kpg2_P4Gzol7oPKEKR2jXGNOsA7z2KpSljGMgZZyNt-ApC5rYMxv9jVP1s7QD9NeqDxzivH1GQkiUpTaCbIo6OBYJzbyyRsnIAqFcrwEEAypqs8GN_2ho5QImKaUnov73BkumexMLfQYswNeif4hOYBW5wI_Vq1IxYKOV__p",
                    "width": 576
                }
            ],
            "place_id": "ChIJjYDnJrGUyzsRW7XYPydfI2Y",
            "plus_code": {
                "compound_code": "C822+7H Khanapur, Telangana",
                "global_code": "7J9WC822+7H"
            },
            "rating": 0,
            "reference": "ChIJjYDnJrGUyzsRW7XYPydfI2Y",
            "scope": "GOOGLE",
            "types": [
                "museum",
                "point_of_interest",
                "establishment"
            ],
            "user_ratings_total": 0,
            "vicinity": "Sriramnagar, Hno30-36, Khanapur"
        },
        {
            "business_status": "OPERATIONAL",
            "geometry": {
                "location": {
                    "lat": 17.4766758,
                    "lng": 78.3039673
                },
                "viewport": {
                    "northeast": {
                        "lat": 17.47796912989272,
                        "lng": 78.30533827989272
                    },
                    "southwest": {
                        "lat": 17.47526947010728,
                        "lng": 78.30263862010727
                    }
                }
            },
            "icon": "https://maps.gstatic.com/mapfiles/place_api/icons/v1/png_71/museum-71.png",
            "icon_background_color": "#13B5C7",
            "icon_mask_base_uri": "https://maps.gstatic.com/mapfiles/place_api/icons/v2/museum_pinlet",
            "name": "KALADHARI HANDICRAFTS",
            "opening_hours": {
                "open_now": true
            },
            "photos": [
                {
                    "height": 1280,
                    "html_attributions": [
                        "<a href=\"https://maps.google.com/maps/contrib/117143548161753079960\">A Google User</a>"
                    ],
                    "photo_reference": "AcYSjRi_lho4fqe0AkWcrxRFVQTZ7g8mIgjofblzUQXy9bZWFWIV-b_WRspmd1eHbNgPn0KJfeoMchGAwp0t6UsmViKE20TeRgPr59nethgks4cWW-FL7DrNAzTXataRbjG5PkRKCrN81aBzaQm4oKLj5fJBUpnUxummIBzhv3w48L7BFTEy",
                    "width": 1150
                }
            ],
            "place_id": "ChIJE_CLdDSTyzsRpIHzifVXueA",
            "plus_code": {
                "compound_code": "F8G3+MH Hyderabad, Telangana",
                "global_code": "7J9WF8G3+MH"
            },
            "rating": 0,
            "reference": "ChIJE_CLdDSTyzsRpIHzifVXueA",
            "scope": "GOOGLE",
            "types": [
                "museum",
                "point_of_interest",
                "establishment"
            ],
            "user_ratings_total": 0,
            "vicinity": "PLOT NO 65,MIGH,1ST FLOOR, ELLYSIUM BUILDING, Hyderabad"
        },
        {
            "business_status": "OPERATIONAL",
            "geometry": {
                "location": {
                    "lat": 17.4363892,
                    "lng": 78.4425914
                },
                "viewport": {
                    "northeast": {
                        "lat": 17.43776552989272,
                        "lng": 78.44387412989272
                    },
                    "southwest": {
                        "lat": 17.43506587010728,
                        "lng": 78.44117447010727
                    }
                }
            },
            "icon": "https://maps.gstatic.com/mapfiles/place_api/icons/v1/png_71/museum-71.png",
            "icon_background_color": "#13B5C7",
            "icon_mask_base_uri": "https://maps.gstatic.com/mapfiles/place_api/icons/v2/museum_pinlet",
            "name": "Aravindha sametha set",
            "place_id": "ChIJ-_uPvSGRyzsRvfU2GSflKtg",
            "rating": 0,
            "reference": "ChIJ-_uPvSGRyzsRvfU2GSflKtg",
            "scope": "GOOGLE",
            "types": [
                "museum",
                "point_of_interest",
                "establishment"
            ],
            "user_ratings_total": 0,
            "vicinity": "CCPV+G2P, BSNL Rd, Sai Sarathi Nagar, Yella Reddy Guda, Hyderabad"
        },
        {
            "business_status": "OPERATIONAL",
            "geometry": {
                "location": {
                    "lat": 17.4117136,
                    "lng": 78.4289792
                },
                "viewport": {
                    "northeast": {
                        "lat": 17.41311442989272,
                        "lng": 78.43023862989271
                    },
                    "southwest": {
                        "lat": 17.41041477010728,
                        "lng": 78.42753897010728
                    }
                }
            },
            "icon": "https://maps.gstatic.com/mapfiles/place_api/icons/v1/png_71/museum-71.png",
            "icon_background_color": "#13B5C7",
            "icon_mask_base_uri": "https://maps.gstatic.com/mapfiles/place_api/icons/v2/museum_pinlet",
            "name": "Crafts Council of Telangana",
            "opening_hours": {
                "open_now": false
            },
            "photos": [
                {
                    "height": 1860,
                    "html_attributions": [
                        "<a href=\"https://maps.google.com/maps/contrib/103632259624420240227\">chakra pani</a>"
                    ],
                    "photo_reference": "AcYSjRidwvB62bGxC0sJdNlTY7Ata7fpxyeIUB6bZmld09Wm3zAFxj1BmYK86-x7U4Nuh8RynbMD2LaHfB3hCrhMpuS1unWB8GoOAWkTXK7yXx8A0YVqxlpENiKyA7o4TSy7c7JzQIexQlqK64m1dEtGgkyRYQLe2kaRg9W5V5wszpGwdgUD",
                    "width": 4032
                }
            ],
            "place_id": "ChIJo8vCjM2XyzsRAzpuzfKdoBE",
            "rating": 4.5,
            "reference": "ChIJo8vCjM2XyzsRAzpuzfKdoBE",
            "scope": "GOOGLE",
            "types": [
                "museum",
                "point_of_interest",
                "establishment"
            ],
            "user_ratings_total": 81,
            "vicinity": "CC6H+MJC, NBT Nagar, Banjara Hills, Hyderabad"
        },
        {
            "business_status": "OPERATIONAL",
            "geometry": {
                "location": {
                    "lat": 17.4863369,
                    "lng": 78.3169947
                },
                "viewport": {
                    "northeast": {
                        "lat": 17.48767732989272,
                        "lng": 78.31831472989272
                    },
                    "southwest": {
                        "lat": 17.48497767010728,
                        "lng": 78.31561507010728
                    }
                }
            },
            "icon": "https://maps.gstatic.com/mapfiles/place_api/icons/v1/png_71/museum-71.png",
            "icon_background_color": "#13B5C7",
            "icon_mask_base_uri": "https://maps.gstatic.com/mapfiles/place_api/icons/v2/museum_pinlet",
            "name": "Masjid (Power full)",
            "photos": [
                {
                    "height": 3840,
                    "html_attributions": [
                        "<a href=\"https://maps.google.com/maps/contrib/105311799936731959037\">A Google User</a>"
                    ],
                    "photo_reference": "AcYSjRgN1qCyBVi6dsU3MEboIxFZ9yQFIsbYqKRQQfzzu6FCNcC5RPEOG0MlQL-wSbWd-uC2U1EqTwnqGCk0PxIviyMDbvme123GfxgK-oD-NT_iYGyJlK3ff5HX5-brf8CI3WF37y2sriSxy6hMBM7JmEolohZPDvZ9MMZVrD1z5o0QX_3Z",
                    "width": 2160
                }
            ],
            "place_id": "ChIJiR_UVqqTyzsR92vm-kvYh78",
            "rating": 4.7,
            "reference": "ChIJiR_UVqqTyzsR92vm-kvYh78",
            "scope": "GOOGLE",
            "types": [
                "museum",
                "point_of_interest",
                "establishment"
            ],
            "user_ratings_total": 3,
            "vicinity": "F8P8+GRJ, Lingampally, Serilingampalle (M)"
        },
        {
            "business_status": "CLOSED_TEMPORARILY",
            "geometry": {
                "location": {
                    "lat": 17.4364537,
                    "lng": 78.3527076
                },
                "viewport": {
                    "northeast": {
                        "lat": 17.43778682989272,
                        "lng": 78.35408697989273
                    },
                    "southwest": {
                        "lat": 17.43508717010728,
                        "lng": 78.35138732010728
                    }
                }
            },
            "icon": "https://maps.gstatic.com/mapfiles/place_api/icons/v1/png_71/museum-71.png",
            "icon_background_color": "#13B5C7",
            "icon_mask_base_uri": "https://maps.gstatic.com/mapfiles/place_api/icons/v2/museum_pinlet",
            "name": "Spiritual art and gallery museum",
            "permanently_closed": true,
            "photos": [
                {
                    "height": 3120,
                    "html_attributions": [
                        "<a href=\"https://maps.google.com/maps/contrib/105327695091687986406\">harsha20599</a>"
                    ],
                    "photo_reference": "AcYSjRhv_VM2zzIIHxp6lajM7bGA-yQSxofPuL7xTUHgGKC8K3-Y3YQmHItLPf9q4sgnGxMwWbEmi9RBVJI0x22QZH9wyW4y17PzyCDcwXh6nC7lAqBhz_fyURvvW-uE5TUiOtyxoJqW1Yc3zYftMY42607g3XEyD3BVp9vahYM8RwcK6O3r",
                    "width": 4160
                }
            ],
            "place_id": "ChIJE1etTlWTyzsRIDqPX4T_KTI",
            "plus_code": {
                "compound_code": "C9P3+H3 Gachibowli, Hyderabad, Telangana",
                "global_code": "7J9WC9P3+H3"
            },
            "rating": 0,
            "reference": "ChIJE1etTlWTyzsRIDqPX4T_KTI",
            "scope": "GOOGLE",
            "types": [
                "museum",
                "point_of_interest",
                "establishment"
            ],
            "user_ratings_total": 0,
            "vicinity": "Ground flopry,1, Madhava Reddy Colony, Gachibowli"
        },
        {
            "business_status": "CLOSED_TEMPORARILY",
            "geometry": {
                "location": {
                    "lat": 17.3725431,
                    "lng": 78.4135301
                },
                "viewport": {
                    "northeast": {
                        "lat": 17.37391187989272,
                        "lng": 78.41493752989271
                    },
                    "southwest": {
                        "lat": 17.37121222010728,
                        "lng": 78.41223787010726
                    }
                }
            },
            "icon": "https://maps.gstatic.com/mapfiles/place_api/icons/v1/png_71/museum-71.png",
            "icon_background_color": "#13B5C7",
            "icon_mask_base_uri": "https://maps.gstatic.com/mapfiles/place_api/icons/v2/museum_pinlet",
            "name": "Mahatma Gandhi Digital Museum",
            "permanently_closed": true,
            "photos": [
                {
                    "height": 3456,
                    "html_attributions": [
                        "<a href=\"https://maps.google.com/maps/contrib/108848520194625827858\">Mahatma Gandhi Digital Museum</a>"
                    ],
                    "photo_reference": "AcYSjRhopibu7qIMcpIOhzGFs1H8fw_mGgGlayZ9j2YHhMKuTNaIchPOgF0X-vPnDy9Bjiqr2HQWRRgnZEFk6L5yTKW8v_--J8utzZvK5IIQnNLyIJpBPkdMU57me7nUXX_z_Mzzwj61fdAv9dNNmDCywjK1rvV7Al-khHcZX7-AZBvz74zo",
                    "width": 4608
                }
            ],
            "place_id": "ChIJH_n7RlmWyzsRn-8htqqMNa0",
            "plus_code": {
                "compound_code": "9CF7+2C Hyderabad, Telangana",
                "global_code": "7J9W9CF7+2C"
            },
            "rating": 4.1,
            "reference": "ChIJH_n7RlmWyzsRn-8htqqMNa0",
            "scope": "GOOGLE",
            "types": [
                "museum",
                "point_of_interest",
                "establishment"
            ],
            "user_ratings_total": 453,
            "vicinity": "Bapu Nagar, Langar Houz, Hyderabad"
        }
    ],
    "status": "OK"
}