{
    "html_attributions": [],
    "results": [
        {
            "business_status": "OPERATIONAL",
            "geometry": {
                "location": {
                    "lat": 17.5105609,
                    "lng": 78.889303
                },
                "viewport": {
                    "northeast": {
                        "lat": 17.51191242989272,
                        "lng": 78.89057432989271
                    },
                    "southwest": {
                        "lat": 17.50921277010728,
                        "lng": 78.88787467010727
                    }
                }
            },
            "icon": "https://maps.gstatic.com/mapfiles/place_api/icons/v1/png_71/movies-71.png",
            "icon_background_color": "#13B5C7",
            "icon_mask_base_uri": "https://maps.gstatic.com/mapfiles/place_api/icons/v2/movie_pinlet",
            "name": "Bhadradri Theatre",
            "photos": [
                {
                    "height": 3024,
                    "html_attributions": [
                        "<a href=\"https://maps.google.com/maps/contrib/112668561504308669112\">Padakanti Nikhil</a>"
                    ],
                    "photo_reference": "AcYSjRirl0TQtnxcgLu3niuZnGc7cnk22D-160mWHH1JHbnurhGnxYIu7Rze0u6wBLiwJiJjADRrskqySldhrOetleXlHd_nHeNWSvqge73xOisGFmzoxVMgXVZncOxX-9RupQRJ5S2IkePJk_khMiQTSb4kk2vabjiO99CQ-PQ4lGiNf658",
                    "width": 4032
                }
            ],
            "place_id": "ChIJJWd3TA9vyzsRreYiG8-Emjk",
            "rating": 3.2,
            "reference": "ChIJJWd3TA9vyzsRreYiG8-Emjk",
            "scope": "GOOGLE",
            "types": [
                "movie_theater",
                "point_of_interest",
                "establishment"
            ],
            "user_ratings_total": 789,
            "vicinity": "GV6Q+6PF, Bhuvanagiri-Nalgonda Rd, Bharpet, Bhuvanagiri"
        },
        {
            "business_status": "OPERATIONAL",
            "geometry": {
                "location": {
                    "lat": 17.5192759,
                    "lng": 78.88751649999999
                },
                "viewport": {
                    "northeast": {
                        "lat": 17.52062522989272,
                        "lng": 78.88890567989272
                    },
                    "southwest": {
                        "lat": 17.51792557010728,
                        "lng": 78.88620602010728
                    }
                }
            },
            "icon": "https://maps.gstatic.com/mapfiles/place_api/icons/v1/png_71/movies-71.png",
            "icon_background_color": "#13B5C7",
            "icon_mask_base_uri": "https://maps.gstatic.com/mapfiles/place_api/icons/v2/movie_pinlet",
            "name": "Omkar Theatre",
            "photos": [
                {
                    "height": 3000,
                    "html_attributions": [
                        "<a href=\"https://maps.google.com/maps/contrib/108673759409368966895\">A Google User</a>"
                    ],
                    "photo_reference": "AcYSjRiYQl8l0knu7AsyI0ee9UqbQwsrKP0LhI_GF2EqTix5MTIGkpeY74Z7oRvjWDzqnyU-54oXsyIBQAMGi93Hom4jjgQFzb3Wx_m-P6qK_ywMo5cIJJlGMgYcem6u0L266MXwS3lbUwf5eF5kd1IzOAzkhUzlgXTy58ITk7kK3zQIfI0I",
                    "width": 4000
                }
            ],
            "place_id": "ChIJXfHn6nhvyzsRLppI56d2JHQ",
            "plus_code": {
                "compound_code": "GV9Q+P2 Bhuvanagiri, Telangana",
                "global_code": "7J9WGV9Q+P2"
            },
            "rating": 2.9,
            "reference": "ChIJXfHn6nhvyzsRLppI56d2JHQ",
            "scope": "GOOGLE",
            "types": [
                "movie_theater",
                "point_of_interest",
                "establishment"
            ],
            "user_ratings_total": 427,
            "vicinity": "176/2, 508116 1-3-176, 2, Vidya Nagar Rd, Vidyanagar, Bhuvanagiri"
        },
        {
            "business_status": "OPERATIONAL",
            "geometry": {
                "location": {
                    "lat": 17.5847065,
                    "lng": 78.94567579999999
                },
                "viewport": {
                    "northeast": {
                        "lat": 17.58609802989272,
                        "lng": 78.94701612989272
                    },
                    "southwest": {
                        "lat": 17.58339837010728,
                        "lng": 78.94431647010727
                    }
                }
            },
            "icon": "https://maps.gstatic.com/mapfiles/place_api/icons/v1/png_71/movies-71.png",
            "icon_background_color": "#13B5C7",
            "icon_mask_base_uri": "https://maps.gstatic.com/mapfiles/place_api/icons/v2/movie_pinlet",
            "name": "Lakshmi Talkies",
            "photos": [
                {
                    "height": 3120,
                    "html_attributions": [
                        "<a href=\"https://maps.google.com/maps/contrib/103112123467887936473\">A Google User</a>"
                    ],
                    "photo_reference": "AcYSjRgaEDdQ7XpuF4sZa1R1FdQMlwGF6p9fzWReyZe9fLu5UMxYdm-JlMoHfIlRLJlYNP_bAG7ntyU0cPVJ8ui2ZrkCbGVjAia7RT0Op9TJIiysliHlIcx5hIyN5LfI7J7b8Bf7mYLsyQ2dlFJmygi3kk4eVkqZQ-sS0MN2Y7mwF_OodJr4",
                    "width": 4160
                }
            ],
            "place_id": "ChIJZaZr2GVmyzsRwlylRwOTN1c",
            "rating": 3.6,
            "reference": "ChIJZaZr2GVmyzsRwlylRwOTN1c",
            "scope": "GOOGLE",
            "types": [
                "movie_theater",
                "point_of_interest",
                "establishment"
            ],
            "user_ratings_total": 429,
            "vicinity": "HWMW+V77, Punnami, Yadagiripally"
        },
        {
            "business_status": "OPERATIONAL",
            "geometry": {
                "location": {
                    "lat": 17.5105336,
                    "lng": 78.8886247
                },
                "viewport": {
                    "northeast": {
                        "lat": 17.51188772989272,
                        "lng": 78.88995697989273
                    },
                    "southwest": {
                        "lat": 17.50918807010728,
                        "lng": 78.88725732010728
                    }
                }
            },
            "icon": "https://maps.gstatic.com/mapfiles/place_api/icons/v1/png_71/movies-71.png",
            "icon_background_color": "#13B5C7",
            "icon_mask_base_uri": "https://maps.gstatic.com/mapfiles/place_api/icons/v2/movie_pinlet",
            "name": "Vasundhara Theatre",
            "photos": [
                {
                    "height": 3984,
                    "html_attributions": [
                        "<a href=\"https://maps.google.com/maps/contrib/114127366874230857826\">sri hari</a>"
                    ],
                    "photo_reference": "AcYSjRi1POizP4BSrsjDQmYtg1-dmjreOwjOZ9XeNsFQF7B8g5jDikgzmTq2klgVteUimdCbtCihBRy2_irBYoZ4oNVET6ojw917T8XbYYABJqBA16jbdKELJGr0DxpTFGUIiaxTTZ2BvOGMym0RskE-yjnwzhrxzKiNSmLymqbpY25qnLWC",
                    "width": 5312
                }
            ],
            "place_id": "ChIJHXnZC7JvyzsR3CkOSuJfjXE",
            "plus_code": {
                "compound_code": "GV6Q+6F Bhuvanagiri, Telangana",
                "global_code": "7J9WGV6Q+6F"
            },
            "rating": 3.3,
            "reference": "ChIJHXnZC7JvyzsR3CkOSuJfjXE",
            "scope": "GOOGLE",
            "types": [
                "movie_theater",
                "point_of_interest",
                "establishment"
            ],
            "user_ratings_total": 749,
            "vicinity": "Bharpet, Bhuvanagiri"
        },
        {
            "business_status": "OPERATIONAL",
            "geometry": {
                "location": {
                    "lat": 17.6468726,
                    "lng": 78.9755553
                },
                "viewport": {
                    "northeast": {
                        "lat": 17.64819817989272,
                        "lng": 78.97700212989271
                    },
                    "southwest": {
                        "lat": 17.64549852010728,
                        "lng": 78.97430247010726
                    }
                }
            },
            "icon": "https://maps.gstatic.com/mapfiles/place_api/icons/v1/png_71/movies-71.png",
            "icon_background_color": "#13B5C7",
            "icon_mask_base_uri": "https://maps.gstatic.com/mapfiles/place_api/icons/v2/movie_pinlet",
            "name": "Thoyaja Venture",
            "photos": [
                {
                    "height": 3120,
                    "html_attributions": [
                        "<a href=\"https://maps.google.com/maps/contrib/100837463918785183770\">A Google User</a>"
                    ],
                    "photo_reference": "AcYSjRiQJ6c0ZkdMjIRNoXeptW5HJbTUYMLfggvg-PGQkArhFOUFxdw2PQSfr2OT5hDk4BTvVgn6fuwK-oO7YcsV008VFmMEVxQi2wRN2vMk0kDc6HrNlvWIsxkWUyuxFN80YSLzxTAyOkJGbyE9mCpgY08C304-FOTnLbGlGd2r9-evL5Nf",
                    "width": 4160
                }
            ],
            "place_id": "ChIJeZLBv9VgyzsRv9JZHKqGFww",
            "rating": 3.9,
            "reference": "ChIJeZLBv9VgyzsRv9JZHKqGFww",
            "scope": "GOOGLE",
            "types": [
                "movie_theater",
                "point_of_interest",
                "establishment"
            ],
            "user_ratings_total": 9,
            "vicinity": "JXWG+P6V, Saduvelly"
        },
        {
            "business_status": "OPERATIONAL",
            "geometry": {
                "location": {
                    "lat": 17.507769,
                    "lng": 78.8802139
                },
                "viewport": {
                    "northeast": {
                        "lat": 17.50910952989272,
                        "lng": 78.88157362989271
                    },
                    "southwest": {
                        "lat": 17.50640987010728,
                        "lng": 78.87887397010726
                    }
                }
            },
            "icon": "https://maps.gstatic.com/mapfiles/place_api/icons/v1/png_71/movies-71.png",
            "icon_background_color": "#13B5C7",
            "icon_mask_base_uri": "https://maps.gstatic.com/mapfiles/place_api/icons/v2/movie_pinlet",
            "name": "Bongiri kota driving",
            "place_id": "ChIJp7-_-P1vyzsR8ANHJ97djyg",
            "plus_code": {
                "compound_code": "GV5J+43 Bhuvanagiri, Telangana",
                "global_code": "7J9WGV5J+43"
            },
            "rating": 5,
            "reference": "ChIJp7-_-P1vyzsR8ANHJ97djyg",
            "scope": "GOOGLE",
            "types": [
                "movie_theater",
                "point_of_interest",
                "establishment"
            ],
            "user_ratings_total": 1,
            "vicinity": "Ramnagar, Bongiri"
        }
    ],
    "status": "OK"
}