{
    "html_attributions": [],
    "results": [
        {
            "business_status": "OPERATIONAL",
            "geometry": {
                "location": {
                    "lat": 17.5860499,
                    "lng": 80.371103
                },
                "viewport": {
                    "northeast": {
                        "lat": 17.58748652989273,
                        "lng": 80.37185947989272
                    },
                    "southwest": {
                        "lat": 17.58478687010728,
                        "lng": 80.36915982010728
                    }
                }
            },
            "icon": "https://maps.gstatic.com/mapfiles/place_api/icons/v1/png_71/park-71.png",
            "icon_background_color": "#4DB546",
            "icon_mask_base_uri": "https://maps.gstatic.com/mapfiles/place_api/icons/v2/tree_pinlet",
            "name": "Kollapuram Park",
            "photos": [
                {
                    "height": 1080,
                    "html_attributions": [
                        "<a href=\"https://maps.google.com/maps/contrib/110234901666405569887\">A Google User</a>"
                    ],
                    "photo_reference": "AcYSjRgTKo5THqLraf1wzaWCnC_VgNqytsg89lE7hOSjnoL1x7KcTdLa3rvcBb39j0bcSkQLTF3ux0lxC7FWn4EW6VrontCnqDRoqXCHeHhMaFtX9SJ6Nv8joWnMDlh-Fl5VWlvUN8T5tXO3jTgPOzi-1H6pIGWWjiNEpbfKYqhWas7JeiIL",
                    "width": 1920
                }
            ],
            "place_id": "ChIJDTWFJaVtNDoR6c7FRGzwjQ8",
            "rating": 5,
            "reference": "ChIJDTWFJaVtNDoR6c7FRGzwjQ8",
            "scope": "GOOGLE",
            "types": [
                "park",
                "point_of_interest",
                "establishment"
            ],
            "user_ratings_total": 3,
            "vicinity": "H9PC+CC9, KOLLAPURAM, BOJJAGUDEM GP, Sudimalla"
        },
        {
            "business_status": "OPERATIONAL",
            "geometry": {
                "location": {
                    "lat": 17.581339,
                    "lng": 80.33171399999999
                },
                "viewport": {
                    "northeast": {
                        "lat": 17.58267132989272,
                        "lng": 80.33317537989271
                    },
                    "southwest": {
                        "lat": 17.57997167010728,
                        "lng": 80.33047572010726
                    }
                }
            },
            "icon": "https://maps.gstatic.com/mapfiles/place_api/icons/v1/png_71/park-71.png",
            "icon_background_color": "#4DB546",
            "icon_mask_base_uri": "https://maps.gstatic.com/mapfiles/place_api/icons/v2/tree_pinlet",
            "name": "NS KING",
            "opening_hours": {},
            "photos": [
                {
                    "height": 1376,
                    "html_attributions": [
                        "<a href=\"https://maps.google.com/maps/contrib/117122898426609489384\">A Google User</a>"
                    ],
                    "photo_reference": "AcYSjRimhtvTMDjN-xmUAZWVTuZQq8gpibZInzyuNU9F3AZQVXrBpD00ef6TJR5tV9jIrTSQ7-6oUHYFzWZDSkvEdn061ZliKScIXt2FY-mg8MUzH9BBvQ1qTFXoMlNXvefIHYnUBTY9MUNeFjroBmoRBKzZuiJRcXpXTKo8l4IEkYQunnBJ",
                    "width": 920
                }
            ],
            "place_id": "ChIJaTw07GxvNDoRlRFO6JdOe6g",
            "rating": 4,
            "reference": "ChIJaTw07GxvNDoRlRFO6JdOe6g",
            "scope": "GOOGLE",
            "types": [
                "park",
                "point_of_interest",
                "establishment"
            ],
            "user_ratings_total": 5,
            "vicinity": "H8JJ+GMP, Church Road, Yellandu"
        },
        {
            "business_status": "OPERATIONAL",
            "geometry": {
                "location": {
                    "lat": 17.5631205,
                    "lng": 80.2641502
                },
                "viewport": {
                    "northeast": {
                        "lat": 17.56443952989272,
                        "lng": 80.26550922989271
                    },
                    "southwest": {
                        "lat": 17.56173987010727,
                        "lng": 80.26280957010727
                    }
                }
            },
            "icon": "https://maps.gstatic.com/mapfiles/place_api/icons/v1/png_71/park-71.png",
            "icon_background_color": "#4DB546",
            "icon_mask_base_uri": "https://maps.gstatic.com/mapfiles/place_api/icons/v2/tree_pinlet",
            "name": "\u0c30\u0c48\u0c24\u0c41 \u0c35\u0c47\u0c26\u0c3f\u0c15 Repallewada",
            "photos": [
                {
                    "height": 1080,
                    "html_attributions": [
                        "<a href=\"https://maps.google.com/maps/contrib/101301428109970602789\">janardhan rasa</a>"
                    ],
                    "photo_reference": "AcYSjRi0LdgVDGOlUWGozIFwjpynn3iC6CyCtLtAP_LJLzjJnJuDnk3aFWvP6ZwvBwFjgs2AotXeomK_YgQt568OC-F87GkMcYcBJFNpeMoeuMoY3WFWNOSRC2D9S_3NvaPjU2_COCQspYj80EQRTJbZ0iBki56MLEzfOFFyp6QqvkWx6tSp",
                    "width": 1920
                }
            ],
            "place_id": "ChIJUwg2mgllNDoRCTSZJNtAJ9M",
            "rating": 4,
            "reference": "ChIJUwg2mgllNDoRCTSZJNtAJ9M",
            "scope": "GOOGLE",
            "types": [
                "park",
                "point_of_interest",
                "establishment"
            ],
            "user_ratings_total": 3,
            "vicinity": "H777+6MR, Unnamed Road, Perupalle"
        },
        {
            "business_status": "OPERATIONAL",
            "geometry": {
                "location": {
                    "lat": 17.5593339,
                    "lng": 80.35073460000001
                },
                "viewport": {
                    "northeast": {
                        "lat": 17.56074287989272,
                        "lng": 80.35213377989272
                    },
                    "southwest": {
                        "lat": 17.55804322010728,
                        "lng": 80.34943412010728
                    }
                }
            },
            "icon": "https://maps.gstatic.com/mapfiles/place_api/icons/v1/png_71/park-71.png",
            "icon_background_color": "#4DB546",
            "icon_mask_base_uri": "https://maps.gstatic.com/mapfiles/place_api/icons/v2/tree_pinlet",
            "name": "Nuressary plantation",
            "photos": [
                {
                    "height": 1920,
                    "html_attributions": [
                        "<a href=\"https://maps.google.com/maps/contrib/101582050233247696001\">giri0022</a>"
                    ],
                    "photo_reference": "AcYSjRg4795BHRc7f4WQTLjMIVNEZ_uLbk3mxlEns87jFEFIvoJ9OngQebs3vuR7X55XvowjAwYRrcI6bwXZi-Ee7OgthRxGYo15cBVMGbV1OGNgm68-TRvix07XW5k0t4h2yma6uXkLFJYPvs5WOIDZ9S-GXjywCn-nWnKaAACbVoO3_f9b",
                    "width": 1080
                }
            ],
            "place_id": "ChIJTdSHV2lvNDoRGzL8xrT7ZFk",
            "rating": 0,
            "reference": "ChIJTdSHV2lvNDoRGzL8xrT7ZFk",
            "scope": "GOOGLE",
            "types": [
                "park",
                "point_of_interest",
                "establishment"
            ],
            "user_ratings_total": 0,
            "vicinity": "H952+FPM, Karepalli"
        },
        {
            "business_status": "OPERATIONAL",
            "geometry": {
                "location": {
                    "lat": 17.5367534,
                    "lng": 80.2570504
                },
                "viewport": {
                    "northeast": {
                        "lat": 17.53806077989272,
                        "lng": 80.25839147989272
                    },
                    "southwest": {
                        "lat": 17.53536112010728,
                        "lng": 80.25569182010727
                    }
                }
            },
            "icon": "https://maps.gstatic.com/mapfiles/place_api/icons/v1/png_71/park-71.png",
            "icon_background_color": "#4DB546",
            "icon_mask_base_uri": "https://maps.gstatic.com/mapfiles/place_api/icons/v2/tree_pinlet",
            "name": "Green Garden",
            "place_id": "ChIJmaAR9bllNDoRf5pg8CLL_Ic",
            "rating": 5,
            "reference": "ChIJmaAR9bllNDoRf5pg8CLL_Ic",
            "scope": "GOOGLE",
            "types": [
                "park",
                "point_of_interest",
                "establishment"
            ],
            "user_ratings_total": 1,
            "vicinity": "G7P4+PR3, Madharm Road, Madharam"
        },
        {
            "business_status": "OPERATIONAL",
            "geometry": {
                "location": {
                    "lat": 17.5118204,
                    "lng": 80.2111438
                },
                "viewport": {
                    "northeast": {
                        "lat": 17.51331687989272,
                        "lng": 80.21217717989273
                    },
                    "southwest": {
                        "lat": 17.51061722010728,
                        "lng": 80.2094775201073
                    }
                }
            },
            "icon": "https://maps.gstatic.com/mapfiles/place_api/icons/v1/png_71/park-71.png",
            "icon_background_color": "#4DB546",
            "icon_mask_base_uri": "https://maps.gstatic.com/mapfiles/place_api/icons/v2/tree_pinlet",
            "name": "\u0c2c\u0c43\u0c39\u0c24\u0c4d \u0c2a\u0c32\u0c4d\u0c32\u0c46 \u0c2a\u0c4d\u0c30\u0c15\u0c43\u0c24\u0c3f \u0c35\u0c28\u0c02 \u0c2a\u0c4b\u0c1a\u0c3e\u0c30\u0c02",
            "photos": [
                {
                    "height": 500,
                    "html_attributions": [
                        "<a href=\"https://maps.google.com/maps/contrib/108130643575504604307\">Pallepangu Nagaraju</a>"
                    ],
                    "photo_reference": "AcYSjRgWc22fDCSkGoset9z0zY9JAo3xUPCycDWYjAeVYxk-8LbpSk6jhEgWplXVpHCf996xVJMqK9RNrp-4Qw1RF7j_J-azgHVjSSeFBru2ZDRhrMWNg1OYBVB392K8ZmfYt1XDhE90hWceknuRsP22ZGLnktwN2E8cVI_Ox7pOowITZveR",
                    "width": 1080
                }
            ],
            "place_id": "ChIJ0-nJpdBnNDoR4wTunC0kgqY",
            "rating": 0,
            "reference": "ChIJ0-nJpdBnNDoR4wTunC0kgqY",
            "scope": "GOOGLE",
            "types": [
                "park",
                "point_of_interest",
                "establishment"
            ],
            "user_ratings_total": 0,
            "vicinity": "G666+PFC, Unnamed Road, Pocharam"
        },
        {
            "business_status": "OPERATIONAL",
            "geometry": {
                "location": {
                    "lat": 17.6031511,
                    "lng": 80.3152849
                },
                "viewport": {
                    "northeast": {
                        "lat": 17.60463997989272,
                        "lng": 80.31689477989272
                    },
                    "southwest": {
                        "lat": 17.60194032010728,
                        "lng": 80.31419512010727
                    }
                }
            },
            "icon": "https://maps.gstatic.com/mapfiles/place_api/icons/v1/png_71/generic_business-71.png",
            "icon_background_color": "#7B9EB0",
            "icon_mask_base_uri": "https://maps.gstatic.com/mapfiles/place_api/icons/v2/generic_pinlet",
            "name": "Lake park",
            "opening_hours": {
                "open_now": false
            },
            "place_id": "ChIJo0T3KW9vNDoRjfFRTLOoSfo",
            "rating": 5,
            "reference": "ChIJo0T3KW9vNDoRjfFRTLOoSfo",
            "scope": "GOOGLE",
            "types": [
                "point_of_interest",
                "establishment"
            ],
            "user_ratings_total": 1,
            "vicinity": "J838+747, Yellandu"
        },
        {
            "business_status": "OPERATIONAL",
            "geometry": {
                "location": {
                    "lat": 17.5941336,
                    "lng": 80.322363
                },
                "viewport": {
                    "northeast": {
                        "lat": 17.59551067989272,
                        "lng": 80.32368962989273
                    },
                    "southwest": {
                        "lat": 17.59281102010728,
                        "lng": 80.32098997010728
                    }
                }
            },
            "icon": "https://maps.gstatic.com/mapfiles/place_api/icons/v1/png_71/park-71.png",
            "icon_background_color": "#4DB546",
            "icon_mask_base_uri": "https://maps.gstatic.com/mapfiles/place_api/icons/v2/tree_pinlet",
            "name": "Srigandham Plantation, Satyanarayana Puram,Yellandu",
            "photos": [
                {
                    "height": 3024,
                    "html_attributions": [
                        "<a href=\"https://maps.google.com/maps/contrib/109510130451975581493\">A Google User</a>"
                    ],
                    "photo_reference": "AcYSjRiNqIV_rD7LiXo__1ckXIicrZ9gzshtKo80mHIewOTfAngibLwjCA5TSk5_jDAoVfGxFRAB8CEeu-qV2MJeaMCwk6tanJPeMfrgtxbf5klMIjmRiLFo4fWj4bqg37od6swI9Gh3QNAJUit_vO8UTsGpIMFzcJX07VuBsFascpaaI6DJ",
                    "width": 4032
                }
            ],
            "place_id": "ChIJWzHMVRVvNDoR7yVvwKQMIGo",
            "rating": 0,
            "reference": "ChIJWzHMVRVvNDoR7yVvwKQMIGo",
            "scope": "GOOGLE",
            "types": [
                "park",
                "point_of_interest",
                "establishment"
            ],
            "user_ratings_total": 0,
            "vicinity": "H8VC+MW5, Satyanarayanapuram, Yellandu"
        },
        {
            "business_status": "OPERATIONAL",
            "geometry": {
                "location": {
                    "lat": 17.4985846,
                    "lng": 80.23944589999999
                },
                "viewport": {
                    "northeast": {
                        "lat": 17.49927982989272,
                        "lng": 80.24035817989272
                    },
                    "southwest": {
                        "lat": 17.49658017010728,
                        "lng": 80.23765852010727
                    }
                }
            },
            "icon": "https://maps.gstatic.com/mapfiles/place_api/icons/v1/png_71/park-71.png",
            "icon_background_color": "#4DB546",
            "icon_mask_base_uri": "https://maps.gstatic.com/mapfiles/place_api/icons/v2/tree_pinlet",
            "name": "HS Farm land",
            "place_id": "ChIJlVSh9cRnNDoRo4MFQNo9FHw",
            "rating": 0,
            "reference": "ChIJlVSh9cRnNDoRo4MFQNo9FHw",
            "scope": "GOOGLE",
            "types": [
                "park",
                "point_of_interest",
                "establishment"
            ],
            "user_ratings_total": 0,
            "vicinity": "F6XQ+CQP, Anantharam"
        }
    ],
    "status": "OK"
}