{
    "html_attributions": [],
    "results": [
        {
            "business_status": "OPERATIONAL",
            "geometry": {
                "location": {
                    "lat": 18.9875954,
                    "lng": 73.1121634
                },
                "viewport": {
                    "northeast": {
                        "lat": 18.98893272989272,
                        "lng": 73.11353747989273
                    },
                    "southwest": {
                        "lat": 18.98623307010728,
                        "lng": 73.11083782010728
                    }
                }
            },
            "icon": "https://maps.gstatic.com/mapfiles/place_api/icons/v1/png_71/generic_business-71.png",
            "icon_background_color": "#13B5C7",
            "icon_mask_base_uri": "https://maps.gstatic.com/mapfiles/place_api/icons/v2/generic_pinlet",
            "name": "Shree Chhatrapati Shivaji Maharaj Memorial",
            "opening_hours": {
                "open_now": false
            },
            "photos": [
                {
                    "height": 2248,
                    "html_attributions": [
                        "<a href=\"https://maps.google.com/maps/contrib/102053233195101159698\">Jyoti Ranjan Pradhan</a>"
                    ],
                    "photo_reference": "AcYSjRir6ssR9tm2iqv71V-nbvvZR3fna3dC6_LnuH-bCoD8-xV19CeI7w5UAT5NEHJ8IZM5FDXP9xIPOfkznxnCpOVjhiOtDMUXDf7MLNP2R1V_VlyPfpE5kJ0t-0Bb0F2_LJc_g9AZ6REarEZfyTFvNdJvHhA4ubtg0LnBYnvuWIihxMeI",
                    "width": 4000
                }
            ],
            "place_id": "ChIJZ8zdRGvo5zsRGGLHlFCpz70",
            "plus_code": {
                "compound_code": "X4Q6+2V Navi Mumbai, Maharashtra",
                "global_code": "7JCMX4Q6+2V"
            },
            "rating": 4.3,
            "reference": "ChIJZ8zdRGvo5zsRGGLHlFCpz70",
            "scope": "GOOGLE",
            "types": [
                "point_of_interest",
                "establishment"
            ],
            "user_ratings_total": 53,
            "vicinity": "Panvel Complex State Highway 54 Marble Market Old Panvel, New Panvel East, Navi Mumbai"
        },
        {
            "business_status": "CLOSED_TEMPORARILY",
            "geometry": {
                "location": {
                    "lat": 18.9874881,
                    "lng": 73.1117093
                },
                "viewport": {
                    "northeast": {
                        "lat": 18.98898827989272,
                        "lng": 73.11300202989273
                    },
                    "southwest": {
                        "lat": 18.98628862010728,
                        "lng": 73.11030237010729
                    }
                }
            },
            "icon": "https://maps.gstatic.com/mapfiles/place_api/icons/v1/png_71/museum-71.png",
            "icon_background_color": "#7B9EB0",
            "icon_mask_base_uri": "https://maps.gstatic.com/mapfiles/place_api/icons/v2/monument_pinlet",
            "name": "\u0939\u0941\u0924\u093e\u0924\u094d\u092e\u093e \u0938\u094d\u092e\u093e\u0930\u0915",
            "permanently_closed": true,
            "place_id": "ChIJCxz_S2vo5zsRyNxgrrdTd5Y",
            "rating": 4.7,
            "reference": "ChIJCxz_S2vo5zsRyNxgrrdTd5Y",
            "scope": "GOOGLE",
            "types": [
                "point_of_interest",
                "establishment"
            ],
            "user_ratings_total": 3,
            "vicinity": "X4P6+XMW, Old Panvel, Panvel, Navi Mumbai"
        },
        {
            "business_status": "OPERATIONAL",
            "geometry": {
                "location": {
                    "lat": 19.0107074,
                    "lng": 73.0277985
                },
                "viewport": {
                    "northeast": {
                        "lat": 19.01224617989272,
                        "lng": 73.02914832989273
                    },
                    "southwest": {
                        "lat": 19.00954652010728,
                        "lng": 73.02644867010729
                    }
                }
            },
            "icon": "https://maps.gstatic.com/mapfiles/place_api/icons/v1/png_71/park-71.png",
            "icon_background_color": "#4DB546",
            "icon_mask_base_uri": "https://maps.gstatic.com/mapfiles/place_api/icons/v2/tree_pinlet",
            "name": "Flag Pole",
            "photos": [
                {
                    "height": 3468,
                    "html_attributions": [
                        "<a href=\"https://maps.google.com/maps/contrib/113657999127404953388\">Neil Dsouza</a>"
                    ],
                    "photo_reference": "AcYSjRji5RcQ8ix-w7hL9mJu3fYUjB0wnYTfuKOzKD3YQ1fMfdk41jLBEiLZVeWI76EG3uyGkLQPGmj4csX7pCMkP8-MGbAOu3KEF2GFsOd8ZPMTM2Rpt9kYLbVZX-hRMm3QwA-c5JNLtx1EkIt0gyhHAZnrKD6Bg9WY7fcsrw1-prO3msx2",
                    "width": 4624
                }
            ],
            "place_id": "ChIJczItsafD5zsRzvmzpJAd2P0",
            "plus_code": {
                "compound_code": "226H+74 Navi Mumbai, Maharashtra",
                "global_code": "7JFM226H+74"
            },
            "rating": 4.6,
            "reference": "ChIJczItsafD5zsRzvmzpJAd2P0",
            "scope": "GOOGLE",
            "types": [
                "park",
                "tourist_attraction",
                "point_of_interest",
                "establishment"
            ],
            "user_ratings_total": 147,
            "vicinity": "Navi Mumbai Municipal Corporation Headquarter Bldg, Uran Rd, New Sector-50, Sector 50, Seawoods, Navi Mumbai"
        },
        {
            "business_status": "OPERATIONAL",
            "geometry": {
                "location": {
                    "lat": 19.0048618,
                    "lng": 73.0283372
                },
                "viewport": {
                    "northeast": {
                        "lat": 19.00618842989272,
                        "lng": 73.02999592989272
                    },
                    "southwest": {
                        "lat": 19.00348877010728,
                        "lng": 73.02729627010727
                    }
                }
            },
            "icon": "https://maps.gstatic.com/mapfiles/place_api/icons/v1/png_71/generic_business-71.png",
            "icon_background_color": "#7B9EB0",
            "icon_mask_base_uri": "https://maps.gstatic.com/mapfiles/place_api/icons/v2/generic_pinlet",
            "name": "Belapur Fort",
            "opening_hours": {
                "open_now": true
            },
            "photos": [
                {
                    "height": 1332,
                    "html_attributions": [
                        "<a href=\"https://maps.google.com/maps/contrib/114882758719378851909\">Kiran Mengale</a>"
                    ],
                    "photo_reference": "AcYSjRjtHcDM-fd5KXFO_qthjI4gs2S5aLZ1bx9avo0GvHzOnksicK8oaQ_sJnrQepzTKShcv5tPAPGsNGR1FRsVedBcmcyi9ee-pTq3htWX8J31YN2rH_rMORbkOPbttJYLR6-5s7QSywN8zEPw4U1o8695a5jh0VN2Vk0bhgmGDcaRDnQ5",
                    "width": 2368
                }
            ],
            "place_id": "ChIJ_RZzdAjD5zsR2UJfCR5-YmI",
            "plus_code": {
                "compound_code": "223H+W8 Navi Mumbai, Maharashtra",
                "global_code": "7JFM223H+W8"
            },
            "rating": 3.8,
            "reference": "ChIJ_RZzdAjD5zsR2UJfCR5-YmI",
            "scope": "GOOGLE",
            "types": [
                "tourist_attraction",
                "point_of_interest",
                "establishment"
            ],
            "user_ratings_total": 1213,
            "vicinity": "115, Uran Rd, Sector 32, Seawoods, Navi Mumbai"
        },
        {
            "business_status": "OPERATIONAL",
            "geometry": {
                "location": {
                    "lat": 19.0435594,
                    "lng": 73.0223824
                },
                "viewport": {
                    "northeast": {
                        "lat": 19.04493357989272,
                        "lng": 73.02380342989271
                    },
                    "southwest": {
                        "lat": 19.04223392010728,
                        "lng": 73.02110377010727
                    }
                }
            },
            "icon": "https://maps.gstatic.com/mapfiles/place_api/icons/v1/png_71/generic_business-71.png",
            "icon_background_color": "#13B5C7",
            "icon_mask_base_uri": "https://maps.gstatic.com/mapfiles/place_api/icons/v2/generic_pinlet",
            "name": "Chatrapati Shivaji Maharaj Chowk",
            "opening_hours": {
                "open_now": true
            },
            "photos": [
                {
                    "height": 804,
                    "html_attributions": [
                        "<a href=\"https://maps.google.com/maps/contrib/103575768579709581829\">Faraaz Ansari</a>"
                    ],
                    "photo_reference": "AcYSjRiUz4AA-TTs7EiaebU8moPsdmRj3dvl4nLGnfaVVdwm3tjdrFPr0JxzMfx59L5UmsOXClj3EBkNXMWxm3UCXXne-TLDv4x3ceyHLGv_OSzJDQKdkFxKAudEb9sqixeCn57UpMCgOrjTJXbTAsPoGr-gyurP-8JNhiDvPfbCzIQwiRJA",
                    "width": 1080
                }
            ],
            "place_id": "ChIJXUORhNzD5zsR3zPGZ0LqAoU",
            "plus_code": {
                "compound_code": "22VC+CX Navi Mumbai, Maharashtra",
                "global_code": "7JFM22VC+CX"
            },
            "rating": 4.4,
            "reference": "ChIJXUORhNzD5zsR3zPGZ0LqAoU",
            "scope": "GOOGLE",
            "types": [
                "tourist_attraction",
                "point_of_interest",
                "establishment"
            ],
            "user_ratings_total": 227,
            "vicinity": "1, Jagatguru Aadi Shankracharya Marg, Sector 1, Shiravane, Nerul, Navi Mumbai"
        }
    ],
    "status": "OK"
}