{
    "html_attributions": [],
    "results": [
        {
            "business_status": "OPERATIONAL",
            "geometry": {
                "location": {
                    "lat": 19.5291776,
                    "lng": 78.56530269999999
                },
                "viewport": {
                    "northeast": {
                        "lat": 19.53054367989272,
                        "lng": 78.56665867989273
                    },
                    "southwest": {
                        "lat": 19.52784402010728,
                        "lng": 78.56395902010728
                    }
                }
            },
            "icon": "https://maps.gstatic.com/mapfiles/place_api/icons/v1/png_71/bar-71.png",
            "icon_background_color": "#FF9E67",
            "icon_mask_base_uri": "https://maps.gstatic.com/mapfiles/place_api/icons/v2/bar_pinlet",
            "name": "Sadha wine belt shop",
            "place_id": "ChIJo584VsZn0jsR3HQZnEb3cQA",
            "plus_code": {
                "compound_code": "GHH8+M4 Tosham, Telangana",
                "global_code": "7JFWGHH8+M4"
            },
            "rating": 2.5,
            "reference": "ChIJo584VsZn0jsR3HQZnEb3cQA",
            "scope": "GOOGLE",
            "types": [
                "bar",
                "point_of_interest",
                "establishment"
            ],
            "user_ratings_total": 2,
            "vicinity": "Unnamed Road, Tosham"
        }
    ],
    "status": "OK"
}