{
    "html_attributions": [],
    "results": [
        {
            "business_status": "OPERATIONAL",
            "geometry": {
                "location": {
                    "lat": 20.5465717,
                    "lng": 78.8346978
                },
                "viewport": {
                    "northeast": {
                        "lat": 20.54793142989272,
                        "lng": 78.83604187989272
                    },
                    "southwest": {
                        "lat": 20.54523177010728,
                        "lng": 78.83334222010727
                    }
                }
            },
            "icon": "https://maps.gstatic.com/mapfiles/place_api/icons/v1/png_71/generic_business-71.png",
            "icon_background_color": "#7B9EB0",
            "icon_mask_base_uri": "https://maps.gstatic.com/mapfiles/place_api/icons/v2/generic_pinlet",
            "name": "Shri Vishwasadhana Ayurveda, Panchkarma & Yoga Clinic, Hinganghat",
            "opening_hours": {
                "open_now": false
            },
            "photos": [
                {
                    "height": 3120,
                    "html_attributions": [
                        "<a href=\"https://maps.google.com/maps/contrib/107810161667402740300\">A Google User</a>"
                    ],
                    "photo_reference": "AcYSjRgdwwRcR0Z-z0KjiZxvwquv1mWfuoNOvJgtN1_hxAC4X5hiaWA5PCwH3Ysy9fmH2JgLr0HkQAooipfslgRurlZdPfNCECBuQMe160DTd88is7eTGSUp4orbF4_m6H1IPzw20KS8HMx77_h8copCoppWeWYrq6dOof5-FAco7Dy3dmXJ",
                    "width": 4160
                }
            ],
            "place_id": "ChIJzf_DIw570zsR1IIZkKcZBdI",
            "rating": 5,
            "reference": "ChIJzf_DIw570zsR1IIZkKcZBdI",
            "scope": "GOOGLE",
            "types": [
                "point_of_interest",
                "health",
                "establishment"
            ],
            "user_ratings_total": 47,
            "vicinity": "GRWM+JVH, Gandhi Ward, opp. to state bank of india, Hinganghat"
        },
        {
            "business_status": "OPERATIONAL",
            "geometry": {
                "location": {
                    "lat": 20.5543885,
                    "lng": 78.84914409999999
                },
                "viewport": {
                    "northeast": {
                        "lat": 20.55575867989272,
                        "lng": 78.85051532989272
                    },
                    "southwest": {
                        "lat": 20.55305902010728,
                        "lng": 78.84781567010727
                    }
                }
            },
            "icon": "https://maps.gstatic.com/mapfiles/place_api/icons/v1/png_71/generic_business-71.png",
            "icon_background_color": "#7B9EB0",
            "icon_mask_base_uri": "https://maps.gstatic.com/mapfiles/place_api/icons/v2/generic_pinlet",
            "name": "THE ROYAL FITNESS CLUB HINGANGHAT",
            "opening_hours": {
                "open_now": false
            },
            "photos": [
                {
                    "height": 4000,
                    "html_attributions": [
                        "<a href=\"https://maps.google.com/maps/contrib/103325694416139221570\">A Google User</a>"
                    ],
                    "photo_reference": "AcYSjRhWVN-qVvymuu_YT5Vn86UskneorB-rS73FAmYB3m6e1hMmSfSP7D29_2R3W8vnD5Jwv-F7JuvOTZLt7w8LA3BjJbftdEgQfkuY1dcFT1nRP-TDnrKP273AbOoOzilU9aWMJL8IlWBrr2GDGv5ZCZ_NKT583Z_qlOpZwA-ftwQoaJ87",
                    "width": 3000
                }
            ],
            "place_id": "ChIJceBDdZ5l0zsRVFkTSb5BStY",
            "plus_code": {
                "compound_code": "HR3X+QM Hinganghat, Maharashtra",
                "global_code": "7JGWHR3X+QM"
            },
            "rating": 4.5,
            "reference": "ChIJceBDdZ5l0zsRVFkTSb5BStY",
            "scope": "GOOGLE",
            "types": [
                "gym",
                "point_of_interest",
                "health",
                "establishment"
            ],
            "user_ratings_total": 2,
            "vicinity": "near BHARAT PETROL PUMP HINGANGHAT, Adarsh Nagar, Hinganghat"
        },
        {
            "business_status": "OPERATIONAL",
            "geometry": {
                "location": {
                    "lat": 20.5497504,
                    "lng": 78.8398603
                },
                "viewport": {
                    "northeast": {
                        "lat": 20.55112267989272,
                        "lng": 78.84121147989272
                    },
                    "southwest": {
                        "lat": 20.54842302010728,
                        "lng": 78.83851182010729
                    }
                }
            },
            "icon": "https://maps.gstatic.com/mapfiles/place_api/icons/v1/png_71/generic_business-71.png",
            "icon_background_color": "#7B9EB0",
            "icon_mask_base_uri": "https://maps.gstatic.com/mapfiles/place_api/icons/v2/generic_pinlet",
            "name": "Vatsalya Physiotherapy Clinic (Best Physiotherapist | Physio Clinic)",
            "opening_hours": {
                "open_now": false
            },
            "photos": [
                {
                    "height": 1024,
                    "html_attributions": [
                        "<a href=\"https://maps.google.com/maps/contrib/112432369273845670359\">A Google User</a>"
                    ],
                    "photo_reference": "AcYSjRiItxK02V4NTjgHbmoekJhLbsVesYebMnk_Dhl3XWVgnMtcWhJsBACHc438hBGO_qHqAMeDcc2v5GVRAGUcbcrLvSLmALCfX597tEOvnFoBqBBTZX6bAiUVic5Wfov7QngPNDTX5cYVP1SqPQ27_4ESGi7XF5Qvjmw1bRbkjyI6888g",
                    "width": 768
                }
            ],
            "place_id": "ChIJ9W4YHlNl0zsRdlMhDWn5i8M",
            "plus_code": {
                "compound_code": "GRXQ+WW Hinganghat, Maharashtra",
                "global_code": "7JGWGRXQ+WW"
            },
            "rating": 5,
            "reference": "ChIJ9W4YHlNl0zsRdlMhDWn5i8M",
            "scope": "GOOGLE",
            "types": [
                "physiotherapist",
                "gym",
                "point_of_interest",
                "health",
                "establishment"
            ],
            "user_ratings_total": 32,
            "vicinity": "Sindhi Colony, Hinganghat"
        },
        {
            "business_status": "OPERATIONAL",
            "geometry": {
                "location": {
                    "lat": 20.547909,
                    "lng": 78.84201540000001
                },
                "viewport": {
                    "northeast": {
                        "lat": 20.54921052989272,
                        "lng": 78.84332482989271
                    },
                    "southwest": {
                        "lat": 20.54651087010728,
                        "lng": 78.84062517010727
                    }
                }
            },
            "icon": "https://maps.gstatic.com/mapfiles/place_api/icons/v1/png_71/generic_business-71.png",
            "icon_background_color": "#7B9EB0",
            "icon_mask_base_uri": "https://maps.gstatic.com/mapfiles/place_api/icons/v2/generic_pinlet",
            "name": "Brahma Kumaris Hinganghat",
            "place_id": "ChIJhRQ7ppVl0zsRXErNzkoF62s",
            "plus_code": {
                "compound_code": "GRXR+5R Hinganghat, Maharashtra",
                "global_code": "7JGWGRXR+5R"
            },
            "rating": 5,
            "reference": "ChIJhRQ7ppVl0zsRXErNzkoF62s",
            "scope": "GOOGLE",
            "types": [
                "point_of_interest",
                "health",
                "establishment"
            ],
            "user_ratings_total": 2,
            "vicinity": "Gyan Vigyan Bhavan, H.NO: 111, Ram Nagar Ward, Yashwant Nagar, Hinganghat"
        }
    ],
    "status": "OK"
}