{
    "html_attributions": [],
    "results": [
        {
            "business_status": "OPERATIONAL",
            "geometry": {
                "location": {
                    "lat": 22.9466807,
                    "lng": 79.19108469999999
                },
                "viewport": {
                    "northeast": {
                        "lat": 22.94808232989272,
                        "lng": 79.1924027298927
                    },
                    "southwest": {
                        "lat": 22.94538267010727,
                        "lng": 79.18970307010727
                    }
                }
            },
            "icon": "https://maps.gstatic.com/mapfiles/place_api/icons/v1/png_71/movies-71.png",
            "icon_background_color": "#13B5C7",
            "icon_mask_base_uri": "https://maps.gstatic.com/mapfiles/place_api/icons/v2/movie_pinlet",
            "name": "Satish Cineplex",
            "opening_hours": {
                "open_now": true
            },
            "photos": [
                {
                    "height": 608,
                    "html_attributions": [
                        "<a href=\"https://maps.google.com/maps/contrib/103524555748035481164\">A Google User</a>"
                    ],
                    "photo_reference": "AcYSjRjQNviypH60WYH92p7EaWMjUsZAu8kpk2u4TqXqxA0wcrQ2GouY1hF73AezmYjl82dWRFpsh2Sc8qocs4Qdtt6xTTpwljLyO0U_EUOmifjtu4keXa5SqgC1Q-1HaeheHxwi8iRW77g-rQsNcOOD3vBqZ-BAbmPcBvaLd66jFwEBpio",
                    "width": 1080
                }
            ],
            "place_id": "ChIJO7ePLs-cfzkRrb2Jea9jRNs",
            "plus_code": {
                "compound_code": "W5WR+MC Narsinghpur, Madhya Pradesh",
                "global_code": "7JJXW5WR+MC"
            },
            "rating": 3.6,
            "reference": "ChIJO7ePLs-cfzkRrb2Jea9jRNs",
            "scope": "GOOGLE",
            "types": [
                "movie_theater",
                "point_of_interest",
                "establishment"
            ],
            "user_ratings_total": 536,
            "vicinity": "Belapur Kar Ward, Narsinghpur"
        },
        {
            "business_status": "OPERATIONAL",
            "geometry": {
                "location": {
                    "lat": 22.9398084,
                    "lng": 79.2137236
                },
                "viewport": {
                    "northeast": {
                        "lat": 22.94118697989272,
                        "lng": 79.21505942989272
                    },
                    "southwest": {
                        "lat": 22.93848732010728,
                        "lng": 79.21235977010727
                    }
                }
            },
            "icon": "https://maps.gstatic.com/mapfiles/place_api/icons/v1/png_71/movies-71.png",
            "icon_background_color": "#13B5C7",
            "icon_mask_base_uri": "https://maps.gstatic.com/mapfiles/place_api/icons/v2/movie_pinlet",
            "name": "bhau chodankar",
            "place_id": "ChIJTSFtdY6DfzkRlvdJuFkklzc",
            "rating": 3,
            "reference": "ChIJTSFtdY6DfzkRlvdJuFkklzc",
            "scope": "GOOGLE",
            "types": [
                "movie_theater",
                "point_of_interest",
                "establishment"
            ],
            "user_ratings_total": 1,
            "vicinity": "W6Q7+WFH, MP SH 22, Rosra, Narsinghpur"
        },
        {
            "business_status": "OPERATIONAL",
            "geometry": {
                "location": {
                    "lat": 22.8653731,
                    "lng": 79.1305979
                },
                "viewport": {
                    "northeast": {
                        "lat": 22.86669417989272,
                        "lng": 79.13190857989272
                    },
                    "southwest": {
                        "lat": 22.86399452010728,
                        "lng": 79.12920892010729
                    }
                }
            },
            "icon": "https://maps.gstatic.com/mapfiles/place_api/icons/v1/png_71/generic_business-71.png",
            "icon_background_color": "#13B5C7",
            "icon_mask_base_uri": "https://maps.gstatic.com/mapfiles/place_api/icons/v2/generic_pinlet",
            "name": "Chourasiya's Home",
            "place_id": "ChIJN2v78LCbfzkRHk8hIoYL8kU",
            "rating": 0,
            "reference": "ChIJN2v78LCbfzkRHk8hIoYL8kU",
            "scope": "GOOGLE",
            "types": [
                "point_of_interest",
                "establishment"
            ],
            "user_ratings_total": 0,
            "vicinity": "V48J+46X, Niwari"
        }
    ],
    "status": "OK"
}