{
    "html_attributions": [],
    "results": [
        {
            "business_status": "OPERATIONAL",
            "geometry": {
                "location": {
                    "lat": 25.448214,
                    "lng": 78.56964119999999
                },
                "viewport": {
                    "northeast": {
                        "lat": 25.44956067989272,
                        "lng": 78.57101892989272
                    },
                    "southwest": {
                        "lat": 25.44686102010728,
                        "lng": 78.56831927010728
                    }
                }
            },
            "icon": "https://maps.gstatic.com/mapfiles/place_api/icons/v1/png_71/movies-71.png",
            "icon_background_color": "#13B5C7",
            "icon_mask_base_uri": "https://maps.gstatic.com/mapfiles/place_api/icons/v2/movie_pinlet",
            "name": "Elite Cinema Hall",
            "photos": [
                {
                    "height": 3456,
                    "html_attributions": [
                        "<a href=\"https://maps.google.com/maps/contrib/117703214623757908561\">A Google User</a>"
                    ],
                    "photo_reference": "AcYSjRhSq_ZQz9WCHmqaHxsD2kdEQ6NGh84gN7njTxVbVgq38arB7d4Rs1aUi8rhL6QF1si9z7aBMEljWiwA0GUIAfPa1oirlmytcdDEixBzyr9_NQXL6E95gP256B3SR3z43p26m6_9SavRnlM6uF2gbOt5Oz29epxZ2uY7-ZD4eqX25QXd",
                    "width": 4608
                }
            ],
            "place_id": "ChIJpY2mrSt3dzkRcHkQ8e3TL8k",
            "rating": 3.4,
            "reference": "ChIJpY2mrSt3dzkRcHkQ8e3TL8k",
            "scope": "GOOGLE",
            "types": [
                "movie_theater",
                "point_of_interest",
                "establishment"
            ],
            "user_ratings_total": 3752,
            "vicinity": "CHX9+7VJ, Rani Jhansi Rd, Prathvipur, Civil Lines, Jhansi"
        },
        {
            "business_status": "OPERATIONAL",
            "geometry": {
                "location": {
                    "lat": 25.4481943,
                    "lng": 78.56745959999999
                },
                "viewport": {
                    "northeast": {
                        "lat": 25.44955257989272,
                        "lng": 78.56877192989272
                    },
                    "southwest": {
                        "lat": 25.44685292010728,
                        "lng": 78.56607227010727
                    }
                }
            },
            "icon": "https://maps.gstatic.com/mapfiles/place_api/icons/v1/png_71/movies-71.png",
            "icon_background_color": "#13B5C7",
            "icon_mask_base_uri": "https://maps.gstatic.com/mapfiles/place_api/icons/v2/movie_pinlet",
            "name": "Khilona Movie Theatre",
            "photos": [
                {
                    "height": 1536,
                    "html_attributions": [
                        "<a href=\"https://maps.google.com/maps/contrib/106906932981001517223\">HARDEV KUMAR</a>"
                    ],
                    "photo_reference": "AcYSjRg0FAWZ3rL2zVqA1QKiXcAhL95ywPmTOILcMr5y8a85_qzNehilvGYfLJ81xjA19mYTalWBTu6OF7x5-lnRT6JUXLLGU4h8o_XvCXLTGLZw_Pnw2zJIMXdTf0cKJ4kInPaS2MJ2NNF7ua9heZR23PkVCxxdmiIO5QHs5hPc7dkLpqV8",
                    "width": 2048
                }
            ],
            "place_id": "ChIJSZlCICt3dzkRlQxs-r9--M0",
            "plus_code": {
                "compound_code": "CHX8+7X Jhansi, Uttar Pradesh",
                "global_code": "7JQWCHX8+7X"
            },
            "rating": 3.7,
            "reference": "ChIJSZlCICt3dzkRlQxs-r9--M0",
            "scope": "GOOGLE",
            "types": [
                "movie_theater",
                "point_of_interest",
                "establishment"
            ],
            "user_ratings_total": 3731,
            "vicinity": "165, Prathvipur, Civil Lines, Jhansi"
        },
        {
            "business_status": "OPERATIONAL",
            "geometry": {
                "location": {
                    "lat": 25.4482298,
                    "lng": 78.56680779999999
                },
                "viewport": {
                    "northeast": {
                        "lat": 25.44957022989272,
                        "lng": 78.5681138798927
                    },
                    "southwest": {
                        "lat": 25.44687057010728,
                        "lng": 78.56541422010727
                    }
                }
            },
            "icon": "https://maps.gstatic.com/mapfiles/place_api/icons/v1/png_71/movies-71.png",
            "icon_background_color": "#13B5C7",
            "icon_mask_base_uri": "https://maps.gstatic.com/mapfiles/place_api/icons/v2/movie_pinlet",
            "name": "NATARAJ CINEMA",
            "opening_hours": {
                "open_now": false
            },
            "photos": [
                {
                    "height": 3000,
                    "html_attributions": [
                        "<a href=\"https://maps.google.com/maps/contrib/109202054260088109913\">Narendra Kumar</a>"
                    ],
                    "photo_reference": "AcYSjRjElLwSHvDDfpv1b8eLdHe0u6mAAhEMj2xvMwaCcIvm42B9jbamtC6FniNIIK9OpDx9FaNeXUv-v-tnT4me_y-zQ3IYMkEFcB1QZIoZVTGP_OUCunH8wcSOr3cPRMiV_dsRuYbASWkebWv0MHvGbgPL6pZ4wJ7aNNAKuwj-RdnJjbQ",
                    "width": 4000
                }
            ],
            "place_id": "ChIJ7zVg2Cp3dzkRlGXqDgr1bns",
            "plus_code": {
                "compound_code": "CHX8+7P Jhansi, Uttar Pradesh",
                "global_code": "7JQWCHX8+7P"
            },
            "rating": 4,
            "reference": "ChIJ7zVg2Cp3dzkRlGXqDgr1bns",
            "scope": "GOOGLE",
            "types": [
                "movie_theater",
                "point_of_interest",
                "establishment"
            ],
            "user_ratings_total": 276,
            "vicinity": "Shivpuri - Jhansi Rd, Civil Lines, Jhansi"
        },
        {
            "business_status": "OPERATIONAL",
            "geometry": {
                "location": {
                    "lat": 25.4490453,
                    "lng": 78.57065419999999
                },
                "viewport": {
                    "northeast": {
                        "lat": 25.45030352989273,
                        "lng": 78.57202677989271
                    },
                    "southwest": {
                        "lat": 25.44760387010728,
                        "lng": 78.56932712010727
                    }
                }
            },
            "icon": "https://maps.gstatic.com/mapfiles/place_api/icons/v1/png_71/movies-71.png",
            "icon_background_color": "#13B5C7",
            "icon_mask_base_uri": "https://maps.gstatic.com/mapfiles/place_api/icons/v2/movie_pinlet",
            "name": "Nandini Cinema Hall",
            "photos": [
                {
                    "height": 4160,
                    "html_attributions": [
                        "<a href=\"https://maps.google.com/maps/contrib/107106338776140192306\">bharath karthikeyan</a>"
                    ],
                    "photo_reference": "AcYSjRj_FpO1jUdd3TXo9o7Vja_S1UF80Af3FCHBOqLBHklU_L1qI5z4vIf8ZQ4BvKltbsGM4_v6sY4ahffaMAYHyhm94vvIizNB8M9kjUyDkXGPzccZtWG7atAXyqUlRNp1U7ys6jbJgVefiyU-wjo5HwipRMsKQV7wXDYWITqhzlKHfaPk",
                    "width": 3120
                }
            ],
            "place_id": "ChIJj8pQNip3dzkR5B0-KIxiREg",
            "rating": 3.8,
            "reference": "ChIJj8pQNip3dzkR5B0-KIxiREg",
            "scope": "GOOGLE",
            "types": [
                "movie_theater",
                "point_of_interest",
                "establishment"
            ],
            "user_ratings_total": 14,
            "vicinity": "CHXC+J76, Jhokan Bagh, Jhansi"
        },
        {
            "business_status": "OPERATIONAL",
            "geometry": {
                "location": {
                    "lat": 25.4527454,
                    "lng": 78.5599048
                },
                "viewport": {
                    "northeast": {
                        "lat": 25.45400287989272,
                        "lng": 78.56141212989272
                    },
                    "southwest": {
                        "lat": 25.45130322010727,
                        "lng": 78.55871247010727
                    }
                }
            },
            "icon": "https://maps.gstatic.com/mapfiles/place_api/icons/v1/png_71/generic_business-71.png",
            "icon_background_color": "#7B9EB0",
            "icon_mask_base_uri": "https://maps.gstatic.com/mapfiles/place_api/icons/v2/generic_pinlet",
            "name": "Atal Open Theatre",
            "photos": [
                {
                    "height": 4080,
                    "html_attributions": [
                        "<a href=\"https://maps.google.com/maps/contrib/106967069864677202194\">Ramveer Sharma</a>"
                    ],
                    "photo_reference": "AcYSjRjYBWW-3Ty84NSgxhfDGTDBrIaaUfmSBES5JIXRIPtN9UMhtC6YtmakhLnxG4SK9XFdcEugcgsZOIYJtE1dbJucT40pm1NOeJUNGUXhfAF016tiYjGz7sjKzarA_8S3x8m6LRESkp30-MnaDF36KVTOuP4zIJ3n8FIBd0UJwNQI-Jec",
                    "width": 3072
                }
            ],
            "place_id": "ChIJB04JhNJxdzkRTyaExahb2ZA",
            "plus_code": {
                "compound_code": "FH35+3X Jhansi, Uttar Pradesh",
                "global_code": "7JQWFH35+3X"
            },
            "rating": 5,
            "reference": "ChIJB04JhNJxdzkRTyaExahb2ZA",
            "scope": "GOOGLE",
            "types": [
                "point_of_interest",
                "establishment"
            ],
            "user_ratings_total": 2,
            "vicinity": "1362/e, near SDA School, Gondu Compound, Mission Compound, Jhansi"
        },
        {
            "business_status": "OPERATIONAL",
            "geometry": {
                "location": {
                    "lat": 25.4715185,
                    "lng": 78.5499267
                },
                "viewport": {
                    "northeast": {
                        "lat": 25.47286842989272,
                        "lng": 78.55127652989272
                    },
                    "southwest": {
                        "lat": 25.47016877010728,
                        "lng": 78.54857687010727
                    }
                }
            },
            "icon": "https://maps.gstatic.com/mapfiles/place_api/icons/v1/png_71/generic_business-71.png",
            "icon_background_color": "#13B5C7",
            "icon_mask_base_uri": "https://maps.gstatic.com/mapfiles/place_api/icons/v2/generic_pinlet",
            "name": "Bundelkhand Natya Kala Kendra",
            "photos": [
                {
                    "height": 607,
                    "html_attributions": [
                        "<a href=\"https://maps.google.com/maps/contrib/111581637242303192637\">Himanshu Dwivedi</a>"
                    ],
                    "photo_reference": "AcYSjRjLkyIbw1KEhQhF95iuev7nVZRYdXQ9UZJbznUsOcUf4zo9HYDUO1NFRAKwNj4FCD7Ab1gVqlh6V6Xqcmx9QxujhfDuC__kkRu3_5j2K10X83kCJoLXJqXAfr3kutACvVedjVPt9esznVUAdwBfHwhyC_YBtYbcrv0kwkQspsBhzSRn",
                    "width": 1080
                }
            ],
            "place_id": "ChIJn6bCT5txdzkRtQJQMgqqYB0",
            "plus_code": {
                "compound_code": "FGCX+JX Jhansi, Uttar Pradesh",
                "global_code": "7JQWFGCX+JX"
            },
            "rating": 4.6,
            "reference": "ChIJn6bCT5txdzkRtQJQMgqqYB0",
            "scope": "GOOGLE",
            "types": [
                "point_of_interest",
                "establishment"
            ],
            "user_ratings_total": 47,
            "vicinity": "Unnamed Road, Mashia Ganj, Jhansi"
        },
        {
            "business_status": "OPERATIONAL",
            "geometry": {
                "location": {
                    "lat": 25.4516357,
                    "lng": 78.5606567
                },
                "viewport": {
                    "northeast": {
                        "lat": 25.45287072989272,
                        "lng": 78.56202117989271
                    },
                    "southwest": {
                        "lat": 25.45017107010728,
                        "lng": 78.55932152010726
                    }
                }
            },
            "icon": "https://maps.gstatic.com/mapfiles/place_api/icons/v1/png_71/generic_business-71.png",
            "icon_background_color": "#7B9EB0",
            "icon_mask_base_uri": "https://maps.gstatic.com/mapfiles/place_api/icons/v2/generic_pinlet",
            "name": "Virat Funz - Game Zone | 12D Cinema | 3D Tunnel",
            "opening_hours": {
                "open_now": true
            },
            "photos": [
                {
                    "height": 3456,
                    "html_attributions": [
                        "<a href=\"https://maps.google.com/maps/contrib/112919818168910882114\">A Google User</a>"
                    ],
                    "photo_reference": "AcYSjRg5UhK2bvjfZAu_iKk9A4Qmamrw24u3X_JFHQUVaglcB5iJY7SG4hZlotCdh9ccf7K76s6RHSSRrDgQAOp9QAaGU_RfiwuYUhMt_5ZpEyVOGWJcsxJZbx_78sM8DDVcIuyEGlNe1Zj2Tdyl-fWOfp1PiFXrrpbvCACLyLaGZIvpbyI4",
                    "width": 5184
                }
            ],
            "place_id": "ChIJCVDiGh93dzkRCppUenvukos",
            "plus_code": {
                "compound_code": "FH26+M7 Jhansi, Uttar Pradesh",
                "global_code": "7JQWFH26+M7"
            },
            "rating": 4,
            "reference": "ChIJCVDiGh93dzkRCppUenvukos",
            "scope": "GOOGLE",
            "types": [
                "point_of_interest",
                "establishment"
            ],
            "user_ratings_total": 239,
            "vicinity": "Sipri Rd, inside Atal Ekta Park, Elite, Gwal Toli, Jhansi"
        },
        {
            "business_status": "OPERATIONAL",
            "geometry": {
                "location": {
                    "lat": 25.4483803,
                    "lng": 78.5674312
                },
                "viewport": {
                    "northeast": {
                        "lat": 25.44973197989272,
                        "lng": 78.56874457989272
                    },
                    "southwest": {
                        "lat": 25.44703232010728,
                        "lng": 78.56604492010727
                    }
                }
            },
            "icon": "https://maps.gstatic.com/mapfiles/place_api/icons/v1/png_71/generic_business-71.png",
            "icon_background_color": "#7B9EB0",
            "icon_mask_base_uri": "https://maps.gstatic.com/mapfiles/place_api/icons/v2/generic_pinlet",
            "name": "Rs vyas",
            "place_id": "ChIJJerLI053dzkRTlaKu5mSWFI",
            "rating": 0,
            "reference": "ChIJJerLI053dzkRTlaKu5mSWFI",
            "scope": "GOOGLE",
            "types": [
                "point_of_interest",
                "establishment"
            ],
            "user_ratings_total": 0,
            "vicinity": "CHX8+9X3, Prathvipur, Civil Lines, Jhansi"
        },
        {
            "business_status": "OPERATIONAL",
            "geometry": {
                "location": {
                    "lat": 25.4623063,
                    "lng": 78.5783316
                },
                "viewport": {
                    "northeast": {
                        "lat": 25.46365087989272,
                        "lng": 78.57969282989272
                    },
                    "southwest": {
                        "lat": 25.46095122010728,
                        "lng": 78.57699317010727
                    }
                }
            },
            "icon": "https://maps.gstatic.com/mapfiles/place_api/icons/v1/png_71/generic_business-71.png",
            "icon_background_color": "#7B9EB0",
            "icon_mask_base_uri": "https://maps.gstatic.com/mapfiles/place_api/icons/v2/generic_pinlet",
            "name": "Manish Electronics",
            "place_id": "ChIJueGgvdp2dzkR-m9toAObkN0",
            "rating": 0,
            "reference": "ChIJueGgvdp2dzkR-m9toAObkN0",
            "scope": "GOOGLE",
            "types": [
                "point_of_interest",
                "establishment"
            ],
            "user_ratings_total": 0,
            "vicinity": "FH6H+W8G, Panchkuiyan, Indrapuri, Jhansi"
        },
        {
            "business_status": "OPERATIONAL",
            "geometry": {
                "location": {
                    "lat": 25.4491126,
                    "lng": 78.5671126
                },
                "viewport": {
                    "northeast": {
                        "lat": 25.45048857989272,
                        "lng": 78.56846977989272
                    },
                    "southwest": {
                        "lat": 25.44778892010727,
                        "lng": 78.56577012010727
                    }
                }
            },
            "icon": "https://maps.gstatic.com/mapfiles/place_api/icons/v1/png_71/shopping-71.png",
            "icon_background_color": "#4B96F3",
            "icon_mask_base_uri": "https://maps.gstatic.com/mapfiles/place_api/icons/v2/shopping_pinlet",
            "name": "english wine",
            "opening_hours": {
                "open_now": true
            },
            "place_id": "ChIJbZVRb3h3dzkR3ZerPllE3b0",
            "rating": 3,
            "reference": "ChIJbZVRb3h3dzkR3ZerPllE3b0",
            "scope": "GOOGLE",
            "types": [
                "store",
                "point_of_interest",
                "establishment"
            ],
            "user_ratings_total": 2,
            "vicinity": "CHX8+JRX, opp. Axis Bank, Elite, Civil Lines, Jhansi"
        },
        {
            "business_status": "CLOSED_TEMPORARILY",
            "geometry": {
                "location": {
                    "lat": 25.4254448,
                    "lng": 78.537604
                },
                "viewport": {
                    "northeast": {
                        "lat": 25.42678647989272,
                        "lng": 78.53894212989272
                    },
                    "southwest": {
                        "lat": 25.42408682010728,
                        "lng": 78.53624247010728
                    }
                }
            },
            "icon": "https://maps.gstatic.com/mapfiles/place_api/icons/v1/png_71/movies-71.png",
            "icon_background_color": "#13B5C7",
            "icon_mask_base_uri": "https://maps.gstatic.com/mapfiles/place_api/icons/v2/movie_pinlet",
            "name": "MR.Tushar Verma photographer",
            "permanently_closed": true,
            "photos": [
                {
                    "height": 3456,
                    "html_attributions": [
                        "<a href=\"https://maps.google.com/maps/contrib/115649916995326664338\">Tushar Verma</a>"
                    ],
                    "photo_reference": "AcYSjRgmke_RCLjz3EDedQ5aIQO0KqfxTQTKQxCf_u4C74CUiTqZHyESCTrVuuLob3qEV0B79Gn7llFN34e30xo3jE5GS-mlu4IzmZx94C5b6W24lQPOWog6xdBM_mIWnyeSibuJ3CDCqyMpdIz9STdinlZRjhqbw888TKmA9nWxjCWzCxbi",
                    "width": 5184
                }
            ],
            "place_id": "ChIJP36td8dxdzkR63GTO8LKLko",
            "plus_code": {
                "compound_code": "CGGQ+52 Jhansi, Uttar Pradesh",
                "global_code": "7JQWCGGQ+52"
            },
            "rating": 4,
            "reference": "ChIJP36td8dxdzkR63GTO8LKLko",
            "scope": "GOOGLE",
            "types": [
                "movie_theater",
                "point_of_interest",
                "establishment"
            ],
            "user_ratings_total": 3,
            "vicinity": "Unnamed Road, Pratap Pura Nagra, Nagra, Jhansi"
        },
        {
            "business_status": "OPERATIONAL",
            "geometry": {
                "location": {
                    "lat": 25.4539397,
                    "lng": 78.5739554
                },
                "viewport": {
                    "northeast": {
                        "lat": 25.45528567989272,
                        "lng": 78.57526427989274
                    },
                    "southwest": {
                        "lat": 25.45258602010728,
                        "lng": 78.57256462010729
                    }
                }
            },
            "icon": "https://maps.gstatic.com/mapfiles/place_api/icons/v1/png_71/generic_business-71.png",
            "icon_background_color": "#7B9EB0",
            "icon_mask_base_uri": "https://maps.gstatic.com/mapfiles/place_api/icons/v2/generic_pinlet",
            "name": "Deen Dayal Upadhyay Auditorium",
            "photos": [
                {
                    "height": 3000,
                    "html_attributions": [
                        "<a href=\"https://maps.google.com/maps/contrib/110333132376803334795\">Shubham lal mishra</a>"
                    ],
                    "photo_reference": "AcYSjRi1QXlDd-iG3gSHJvmBp83WdNgU7H3ai5U-gFAyXaiEuz0tIMjGFolUcsd6xxa_pyN6bIg7zIhEXAZKfUJFw5SYUP5V2NewN5cvjWtFsrrz-m5UyqrKfClALEQeLmkrzO_4yjDLaTP4GyEE_yW0u56VWWn8gnBTk5iXsPLpwaXtjph8",
                    "width": 4000
                }
            ],
            "place_id": "ChIJtcliWtZ2dzkRISDGLjkL5Pc",
            "rating": 4.5,
            "reference": "ChIJtcliWtZ2dzkRISDGLjkL5Pc",
            "scope": "GOOGLE",
            "types": [
                "point_of_interest",
                "establishment"
            ],
            "user_ratings_total": 153,
            "vicinity": "FH3F+HG7, Jhokan Bagh, Jhansi"
        },
        {
            "business_status": "OPERATIONAL",
            "geometry": {
                "location": {
                    "lat": 25.4552663,
                    "lng": 78.5742144
                },
                "viewport": {
                    "northeast": {
                        "lat": 25.45667297989272,
                        "lng": 78.57550897989273
                    },
                    "southwest": {
                        "lat": 25.45397332010728,
                        "lng": 78.57280932010728
                    }
                }
            },
            "icon": "https://maps.gstatic.com/mapfiles/place_api/icons/v1/png_71/generic_business-71.png",
            "icon_background_color": "#7B9EB0",
            "icon_mask_base_uri": "https://maps.gstatic.com/mapfiles/place_api/icons/v2/generic_pinlet",
            "name": "muktakashi manch",
            "photos": [
                {
                    "height": 3472,
                    "html_attributions": [
                        "<a href=\"https://maps.google.com/maps/contrib/108775340307385769802\">A Google User</a>"
                    ],
                    "photo_reference": "AcYSjRj7f1Ads38EWX4ZwhPAI1VaQe6DKLFZlIZw9p6H97tTbuy63N9wDH6r2LZmHgeQsLDlY_zLPI1eafjVqAWHelJYtU1jX9E8pRylSlU1Ov1BYsybCM0iW_B5RCtv9CRSoJ5TXTP4-lr6ukokpumQdv-kdqVcGAgmAqp_RG8yuv_IDIvC",
                    "width": 4624
                }
            ],
            "place_id": "ChIJLf9Q-9Z2dzkRtYzq7PorDrI",
            "rating": 4.8,
            "reference": "ChIJLf9Q-9Z2dzkRtYzq7PorDrI",
            "scope": "GOOGLE",
            "types": [
                "point_of_interest",
                "establishment"
            ],
            "user_ratings_total": 12,
            "vicinity": "FH4F+4M4, Jhokan Bagh, Jhansi"
        },
        {
            "business_status": "OPERATIONAL",
            "geometry": {
                "location": {
                    "lat": 25.4523099,
                    "lng": 78.5795689
                },
                "viewport": {
                    "northeast": {
                        "lat": 25.45368217989272,
                        "lng": 78.58091802989273
                    },
                    "southwest": {
                        "lat": 25.45098252010728,
                        "lng": 78.57821837010728
                    }
                }
            },
            "icon": "https://maps.gstatic.com/mapfiles/place_api/icons/v1/png_71/shopping-71.png",
            "icon_background_color": "#4B96F3",
            "icon_mask_base_uri": "https://maps.gstatic.com/mapfiles/place_api/icons/v2/shopping_pinlet",
            "name": "Trends 4ever",
            "opening_hours": {
                "open_now": true
            },
            "place_id": "ChIJWQZgd9h2dzkRk8CaW6Bq7W0",
            "rating": 4.7,
            "reference": "ChIJWQZgd9h2dzkRk8CaW6Bq7W0",
            "scope": "GOOGLE",
            "types": [
                "clothing_store",
                "store",
                "point_of_interest",
                "establishment"
            ],
            "user_ratings_total": 3,
            "vicinity": "FH2H+WRP, Out Side Sayyar Gate, Jhansi"
        },
        {
            "business_status": "OPERATIONAL",
            "geometry": {
                "location": {
                    "lat": 25.444006,
                    "lng": 78.57526039999999
                },
                "viewport": {
                    "northeast": {
                        "lat": 25.44534912989272,
                        "lng": 78.57660687989272
                    },
                    "southwest": {
                        "lat": 25.44264947010728,
                        "lng": 78.57390722010727
                    }
                }
            },
            "icon": "https://maps.gstatic.com/mapfiles/place_api/icons/v1/png_71/generic_business-71.png",
            "icon_background_color": "#7B9EB0",
            "icon_mask_base_uri": "https://maps.gstatic.com/mapfiles/place_api/icons/v2/generic_pinlet",
            "name": "Jail Chauraha Bus Stop",
            "opening_hours": {},
            "photos": [
                {
                    "height": 3456,
                    "html_attributions": [
                        "<a href=\"https://maps.google.com/maps/contrib/106933782311756839246\">Chakradhar B</a>"
                    ],
                    "photo_reference": "AcYSjRhDmvXz7M3uydBGuurvqPU2a65Gsi7bxEdkyx_Tc2Lwfjdg3KSNjIdtvdTNHrQoRNskusYE_puGs0TO4pDooSSwsGln1pGI224g2UAqROfS6usHPsTB2lJon8rNnIJ10JziPX_XPH6evjOvffdeaqY-LU2pRtGaj0RAbTtQ_JL1ZOPT",
                    "width": 4608
                }
            ],
            "place_id": "ChIJKbwRGi93dzkRaNax5wJLpj0",
            "plus_code": {
                "compound_code": "CHVG+J4 Jhansi, Uttar Pradesh",
                "global_code": "7JQWCHVG+J4"
            },
            "rating": 5,
            "reference": "ChIJKbwRGi93dzkRaNax5wJLpj0",
            "scope": "GOOGLE",
            "types": [
                "transit_station",
                "point_of_interest",
                "establishment"
            ],
            "user_ratings_total": 3,
            "vicinity": "NH 75, Civil Lines, Cantt, Jhansi"
        },
        {
            "business_status": "OPERATIONAL",
            "geometry": {
                "location": {
                    "lat": 25.4540256,
                    "lng": 78.5731733
                },
                "viewport": {
                    "northeast": {
                        "lat": 25.45540197989272,
                        "lng": 78.57447662989273
                    },
                    "southwest": {
                        "lat": 25.45270232010728,
                        "lng": 78.57177697010728
                    }
                }
            },
            "icon": "https://maps.gstatic.com/mapfiles/place_api/icons/v1/png_71/generic_business-71.png",
            "icon_background_color": "#7B9EB0",
            "icon_mask_base_uri": "https://maps.gstatic.com/mapfiles/place_api/icons/v2/generic_pinlet",
            "name": "Sulabh Sauchalaya & Snanagar",
            "photos": [
                {
                    "height": 3468,
                    "html_attributions": [
                        "<a href=\"https://maps.google.com/maps/contrib/109398548712010319517\">sandeep chaturvedi</a>"
                    ],
                    "photo_reference": "AcYSjRh4_B87OKLhjdvsEqAaajvSCxrQzev06z52-xbXQADu1agYafcGSzZjwbMbpi4mpyi-cvy9eoDdSwhv3HEDEinPnwvZZpLYB0GmzkyKqgrJ8jxMCzb0s-ygOGiesw8w_QfZY-BeUTH8H9V8zfB9hVGJamoScfgGsj7BoAyWNsN3v6Z7",
                    "width": 4624
                }
            ],
            "place_id": "ChIJ1Vj-6MB3dzkRQG7Di-ZMisg",
            "rating": 4.3,
            "reference": "ChIJ1Vj-6MB3dzkRQG7Di-ZMisg",
            "scope": "GOOGLE",
            "types": [
                "point_of_interest",
                "establishment"
            ],
            "user_ratings_total": 7,
            "vicinity": "FH3F+J77, Jhokan Bagh, Jhansi"
        },
        {
            "business_status": "OPERATIONAL",
            "geometry": {
                "location": {
                    "lat": 25.44521,
                    "lng": 78.5661178
                },
                "viewport": {
                    "northeast": {
                        "lat": 25.44653527989272,
                        "lng": 78.56748837989272
                    },
                    "southwest": {
                        "lat": 25.44383562010727,
                        "lng": 78.56478872010727
                    }
                }
            },
            "icon": "https://maps.gstatic.com/mapfiles/place_api/icons/v1/png_71/shopping-71.png",
            "icon_background_color": "#4B96F3",
            "icon_mask_base_uri": "https://maps.gstatic.com/mapfiles/place_api/icons/v2/shopping_pinlet",
            "name": "Amway Jhansi",
            "opening_hours": {
                "open_now": true
            },
            "place_id": "ChIJ84OUBzR3dzkRwFcG7CJfWWs",
            "plus_code": {
                "compound_code": "CHW8+3F Jhansi, Uttar Pradesh",
                "global_code": "7JQWCHW8+3F"
            },
            "rating": 3.9,
            "reference": "ChIJ84OUBzR3dzkRwFcG7CJfWWs",
            "scope": "GOOGLE",
            "types": [
                "shopping_mall",
                "point_of_interest",
                "establishment"
            ],
            "user_ratings_total": 7,
            "vicinity": "85/1, Civil Lines, Vasant Vihar, Jhansi"
        }
    ],
    "status": "OK"
}