{
    "html_attributions": [],
    "results": [
        {
            "business_status": "OPERATIONAL",
            "geometry": {
                "location": {
                    "lat": 25.8833165,
                    "lng": 78.32852799999999
                },
                "viewport": {
                    "northeast": {
                        "lat": 25.88463472989272,
                        "lng": 78.32981787989272
                    },
                    "southwest": {
                        "lat": 25.88193507010728,
                        "lng": 78.32711822010728
                    }
                }
            },
            "icon": "https://maps.gstatic.com/mapfiles/place_api/icons/v1/png_71/movies-71.png",
            "icon_background_color": "#13B5C7",
            "icon_mask_base_uri": "https://maps.gstatic.com/mapfiles/place_api/icons/v2/movie_pinlet",
            "name": "Prakash Cineplex screen-1, screen-2",
            "opening_hours": {
                "open_now": false
            },
            "photos": [
                {
                    "height": 820,
                    "html_attributions": [
                        "<a href=\"https://maps.google.com/maps/contrib/117811290384364514593\">A Google User</a>"
                    ],
                    "photo_reference": "AcYSjRiejMt3JBpk5f_HVoOcRBb3GMqupYsaDPHSega2zuAVxQ-A33LLkWnhQmfErjC1xmLj8RDwZcG6h0CLCGuwy4jmhJ5ZjQUTRIR-B1vdXZFiFQBAgwfvkPw3ZM1Oj_pR28--yv7Wohdbd6JGTf1cmMHqu_YSduMsKhvOZIhkKIp5b34Y",
                    "width": 1080
                }
            ],
            "place_id": "ChIJ____YxofdzkRq9OGRPwpzAo",
            "plus_code": {
                "compound_code": "V8MH+8C Dabra, Madhya Pradesh",
                "global_code": "7JQWV8MH+8C"
            },
            "rating": 3.8,
            "reference": "ChIJ____YxofdzkRq9OGRPwpzAo",
            "scope": "GOOGLE",
            "types": [
                "movie_theater",
                "point_of_interest",
                "establishment"
            ],
            "user_ratings_total": 57,
            "vicinity": "Jawahar Gunj, Subhash Ganj, Dabra"
        },
        {
            "business_status": "OPERATIONAL",
            "geometry": {
                "location": {
                    "lat": 25.8907308,
                    "lng": 78.3324451
                },
                "viewport": {
                    "northeast": {
                        "lat": 25.89207102989272,
                        "lng": 78.33379142989271
                    },
                    "southwest": {
                        "lat": 25.88937137010728,
                        "lng": 78.33109177010728
                    }
                }
            },
            "icon": "https://maps.gstatic.com/mapfiles/place_api/icons/v1/png_71/movies-71.png",
            "icon_background_color": "#13B5C7",
            "icon_mask_base_uri": "https://maps.gstatic.com/mapfiles/place_api/icons/v2/movie_pinlet",
            "name": "Purendra Puran Cinema",
            "opening_hours": {
                "open_now": true
            },
            "photos": [
                {
                    "height": 4026,
                    "html_attributions": [
                        "<a href=\"https://maps.google.com/maps/contrib/102798534786384953482\">A Google User</a>"
                    ],
                    "photo_reference": "AcYSjRh0ImxInpWKeLAs5uBHPpjPUYRIzaFJFoeB3nf4YKF3M0pYT-r5OEb6gVUo5iDq3jhlMGMdvXc4DAAttWPJrw8X4X0A9Bvx873h0x0tYZqsdcrO2MzIXhVAhb_gkt98I2CGOLxthHP8H0eTgMzz0FFpra8lTLF8WJTBNZP4513Q3Bzg",
                    "width": 1908
                }
            ],
            "place_id": "ChIJ_QwSIQIfdzkRv49vidks94Q",
            "plus_code": {
                "compound_code": "V8RJ+7X Dabra, Madhya Pradesh",
                "global_code": "7JQWV8RJ+7X"
            },
            "rating": 3.3,
            "reference": "ChIJ_QwSIQIfdzkRv49vidks94Q",
            "scope": "GOOGLE",
            "types": [
                "movie_theater",
                "point_of_interest",
                "establishment"
            ],
            "user_ratings_total": 130,
            "vicinity": "Purendra Puran Cinema, Road, Dabra"
        },
        {
            "business_status": "OPERATIONAL",
            "geometry": {
                "location": {
                    "lat": 25.886239,
                    "lng": 78.3350056
                },
                "viewport": {
                    "northeast": {
                        "lat": 25.88758917989272,
                        "lng": 78.33635652989271
                    },
                    "southwest": {
                        "lat": 25.88488952010728,
                        "lng": 78.33365687010728
                    }
                }
            },
            "icon": "https://maps.gstatic.com/mapfiles/place_api/icons/v1/png_71/generic_business-71.png",
            "icon_background_color": "#7B9EB0",
            "icon_mask_base_uri": "https://maps.gstatic.com/mapfiles/place_api/icons/v2/generic_pinlet",
            "name": "Geeta Cineplex",
            "place_id": "ChIJvWNP3HAfdzkRYyRaxfgmOrA",
            "plus_code": {
                "compound_code": "V8PP+F2 Dabra, Madhya Pradesh",
                "global_code": "7JQWV8PP+F2"
            },
            "rating": 0,
            "reference": "ChIJvWNP3HAfdzkRYyRaxfgmOrA",
            "scope": "GOOGLE",
            "types": [
                "point_of_interest",
                "establishment"
            ],
            "user_ratings_total": 0,
            "vicinity": "Geeta Cineplex, Subhash Ganj, Darshan colony, Dabra"
        },
        {
            "business_status": "OPERATIONAL",
            "geometry": {
                "location": {
                    "lat": 25.9927595,
                    "lng": 78.2800162
                },
                "viewport": {
                    "northeast": {
                        "lat": 25.99424882989272,
                        "lng": 78.28138737989272
                    },
                    "southwest": {
                        "lat": 25.99154917010728,
                        "lng": 78.27868772010727
                    }
                }
            },
            "icon": "https://maps.gstatic.com/mapfiles/place_api/icons/v1/png_71/movies-71.png",
            "icon_background_color": "#13B5C7",
            "icon_mask_base_uri": "https://maps.gstatic.com/mapfiles/place_api/icons/v2/movie_pinlet",
            "name": "B.S.F. Cinema Hall",
            "opening_hours": {
                "open_now": false
            },
            "photos": [
                {
                    "height": 3456,
                    "html_attributions": [
                        "<a href=\"https://maps.google.com/maps/contrib/115649328832787564638\">Kaushlendra Singh kushwah</a>"
                    ],
                    "photo_reference": "AcYSjRisadtq06TuGwc3t2sm0N1jn0sd-Dgq3pABeUXRHNjNBiu15n_6a9pMs_yvzENVWAj9uOq9yatb9968DT_laOumf_uGOxC5tYIgrc4T2Z7l38HW0tUXsLH6W7F4xanSyxTMydbdZtR83_2_G9BLZ-t-a4qGLFvrZxXn_ixLbZ_2jVI_",
                    "width": 4608
                }
            ],
            "place_id": "ChIJqbVwsmzfdjkRDzHS3tLRc5s",
            "plus_code": {
                "compound_code": "X7VJ+42 Chiruli, Madhya Pradesh",
                "global_code": "7JQWX7VJ+42"
            },
            "rating": 4.1,
            "reference": "ChIJqbVwsmzfdjkRDzHS3tLRc5s",
            "scope": "GOOGLE",
            "types": [
                "movie_theater",
                "point_of_interest",
                "establishment"
            ],
            "user_ratings_total": 13,
            "vicinity": "Chiruli"
        }
    ],
    "status": "OK"
}