{
    "html_attributions": [],
    "results": [
        {
            "business_status": "OPERATIONAL",
            "geometry": {
                "location": {
                    "lat": 25.8833165,
                    "lng": 78.32852799999999
                },
                "viewport": {
                    "northeast": {
                        "lat": 25.88463472989272,
                        "lng": 78.32981787989272
                    },
                    "southwest": {
                        "lat": 25.88193507010728,
                        "lng": 78.32711822010728
                    }
                }
            },
            "icon": "https://maps.gstatic.com/mapfiles/place_api/icons/v1/png_71/movies-71.png",
            "icon_background_color": "#13B5C7",
            "icon_mask_base_uri": "https://maps.gstatic.com/mapfiles/place_api/icons/v2/movie_pinlet",
            "name": "Prakash Cineplex screen-1, screen-2",
            "opening_hours": {
                "open_now": false
            },
            "photos": [
                {
                    "height": 820,
                    "html_attributions": [
                        "<a href=\"https://maps.google.com/maps/contrib/117811290384364514593\">A Google User</a>"
                    ],
                    "photo_reference": "AcYSjRgW7wGIhrsxoh7R3nB5D8nE60v-1xoPI2O18_IdgkZSFYnEh9A_MBxD2dmcgfuk8jFJStk7zAJBy91fE-qt-JaXtj5JmhYKae6Xv6iSAQl9BQlaG9KwZN6ICZyaTBn1OxJ6oLmjdz7nZwfVeJr9TB2QIqwOdcAkkoyTuHa3OxlzVUJk",
                    "width": 1080
                }
            ],
            "place_id": "ChIJ____YxofdzkRq9OGRPwpzAo",
            "plus_code": {
                "compound_code": "V8MH+8C Dabra, Madhya Pradesh",
                "global_code": "7JQWV8MH+8C"
            },
            "rating": 3.8,
            "reference": "ChIJ____YxofdzkRq9OGRPwpzAo",
            "scope": "GOOGLE",
            "types": [
                "movie_theater",
                "point_of_interest",
                "establishment"
            ],
            "user_ratings_total": 57,
            "vicinity": "Jawahar Gunj, Subhash Ganj, Dabra"
        },
        {
            "business_status": "OPERATIONAL",
            "geometry": {
                "location": {
                    "lat": 25.8907308,
                    "lng": 78.3324451
                },
                "viewport": {
                    "northeast": {
                        "lat": 25.89207102989272,
                        "lng": 78.33379142989271
                    },
                    "southwest": {
                        "lat": 25.88937137010728,
                        "lng": 78.33109177010728
                    }
                }
            },
            "icon": "https://maps.gstatic.com/mapfiles/place_api/icons/v1/png_71/movies-71.png",
            "icon_background_color": "#13B5C7",
            "icon_mask_base_uri": "https://maps.gstatic.com/mapfiles/place_api/icons/v2/movie_pinlet",
            "name": "Purendra Puran Cinema",
            "opening_hours": {
                "open_now": true
            },
            "photos": [
                {
                    "height": 4026,
                    "html_attributions": [
                        "<a href=\"https://maps.google.com/maps/contrib/102798534786384953482\">A Google User</a>"
                    ],
                    "photo_reference": "AcYSjRjZ2p7tXerP5gdNmFMoAu02hsVQjhLgEuUI2qsD_DRDhzbId8Fb-UMqtFhnH-bDo_t4M2NXGhgBYkALIO_V3ZUdpublFmAolmOXb0VPB9TMxyEanvJgflDgqCmi0NuRKZAoGbGOwQ_Ux046mDlvUGuikP9eGkmXAYQHVXz8WH9AL5Em",
                    "width": 1908
                }
            ],
            "place_id": "ChIJ_QwSIQIfdzkRv49vidks94Q",
            "plus_code": {
                "compound_code": "V8RJ+7X Dabra, Madhya Pradesh",
                "global_code": "7JQWV8RJ+7X"
            },
            "rating": 3.3,
            "reference": "ChIJ_QwSIQIfdzkRv49vidks94Q",
            "scope": "GOOGLE",
            "types": [
                "movie_theater",
                "point_of_interest",
                "establishment"
            ],
            "user_ratings_total": 130,
            "vicinity": "Purendra Puran Cinema, Road, Dabra"
        },
        {
            "business_status": "OPERATIONAL",
            "geometry": {
                "location": {
                    "lat": 25.9927595,
                    "lng": 78.2800162
                },
                "viewport": {
                    "northeast": {
                        "lat": 25.99424882989272,
                        "lng": 78.28138737989272
                    },
                    "southwest": {
                        "lat": 25.99154917010728,
                        "lng": 78.27868772010727
                    }
                }
            },
            "icon": "https://maps.gstatic.com/mapfiles/place_api/icons/v1/png_71/movies-71.png",
            "icon_background_color": "#13B5C7",
            "icon_mask_base_uri": "https://maps.gstatic.com/mapfiles/place_api/icons/v2/movie_pinlet",
            "name": "B.S.F. Cinema Hall",
            "opening_hours": {
                "open_now": false
            },
            "photos": [
                {
                    "height": 3456,
                    "html_attributions": [
                        "<a href=\"https://maps.google.com/maps/contrib/115649328832787564638\">Kaushlendra Singh kushwah</a>"
                    ],
                    "photo_reference": "AcYSjRh8XXZ25r-l3cgdLFkvGr0VNdvDL4kOLrLJid_G-UPvX3gfWvPvqENmn7MIWot7MnvYRA0z89ITIFb2oCQUvQhfaJgHPaIR6nCA3FLvzZUeJkIt1JoHb9Bj5qin48n7T_p-Qd5fK4JAFZxJGqMfIkuJ9E0VV9UqQJfPLQnnaIEN78OU",
                    "width": 4608
                }
            ],
            "place_id": "ChIJqbVwsmzfdjkRDzHS3tLRc5s",
            "plus_code": {
                "compound_code": "X7VJ+42 Chiruli, Madhya Pradesh",
                "global_code": "7JQWX7VJ+42"
            },
            "rating": 4.1,
            "reference": "ChIJqbVwsmzfdjkRDzHS3tLRc5s",
            "scope": "GOOGLE",
            "types": [
                "movie_theater",
                "point_of_interest",
                "establishment"
            ],
            "user_ratings_total": 13,
            "vicinity": "Chiruli"
        },
        {
            "business_status": "CLOSED_TEMPORARILY",
            "geometry": {
                "location": {
                    "lat": 25.8864468,
                    "lng": 78.335651
                },
                "viewport": {
                    "northeast": {
                        "lat": 25.88783317989272,
                        "lng": 78.33698842989271
                    },
                    "southwest": {
                        "lat": 25.88513352010728,
                        "lng": 78.33428877010726
                    }
                }
            },
            "icon": "https://maps.gstatic.com/mapfiles/place_api/icons/v1/png_71/movies-71.png",
            "icon_background_color": "#13B5C7",
            "icon_mask_base_uri": "https://maps.gstatic.com/mapfiles/place_api/icons/v2/movie_pinlet",
            "name": "Yeshwant Cinemax",
            "permanently_closed": true,
            "photos": [
                {
                    "height": 1080,
                    "html_attributions": [
                        "<a href=\"https://maps.google.com/maps/contrib/115878664082894447309\">Vikas Gurjar</a>"
                    ],
                    "photo_reference": "AcYSjRgPwkOXr6qIei6RknMU39QpckpT_ESsyz7uKZ0D4Nud_7b9h_q_TwfXiOEK1Pu5m2MPasWifuREHxoqij1vtrYij_hAC98qW13G_AD7L4OLZ_gOLGUVDAzGB60HPQyT6wG1zmYPaul-yZc6gtwo_grj91iSuKkyjmVWaRE_WNw-BHIv",
                    "width": 1920
                }
            ],
            "place_id": "ChIJCdfN3xwfdzkR_-ux4pvE3ZU",
            "rating": 2.9,
            "reference": "ChIJCdfN3xwfdzkR_-ux4pvE3ZU",
            "scope": "GOOGLE",
            "types": [
                "movie_theater",
                "point_of_interest",
                "establishment"
            ],
            "user_ratings_total": 32,
            "vicinity": "V8PP+H7J, Geeta Talkies Rd, Shriram Colony, Subhash Ganj, Darshan colony, Dabra"
        },
        {
            "business_status": "OPERATIONAL",
            "geometry": {
                "location": {
                    "lat": 25.886239,
                    "lng": 78.3350056
                },
                "viewport": {
                    "northeast": {
                        "lat": 25.88758917989272,
                        "lng": 78.33635652989271
                    },
                    "southwest": {
                        "lat": 25.88488952010728,
                        "lng": 78.33365687010728
                    }
                }
            },
            "icon": "https://maps.gstatic.com/mapfiles/place_api/icons/v1/png_71/generic_business-71.png",
            "icon_background_color": "#7B9EB0",
            "icon_mask_base_uri": "https://maps.gstatic.com/mapfiles/place_api/icons/v2/generic_pinlet",
            "name": "Geeta Cineplex",
            "place_id": "ChIJvWNP3HAfdzkRYyRaxfgmOrA",
            "plus_code": {
                "compound_code": "V8PP+F2 Dabra, Madhya Pradesh",
                "global_code": "7JQWV8PP+F2"
            },
            "rating": 0,
            "reference": "ChIJvWNP3HAfdzkRYyRaxfgmOrA",
            "scope": "GOOGLE",
            "types": [
                "point_of_interest",
                "establishment"
            ],
            "user_ratings_total": 0,
            "vicinity": "Geeta Cineplex, Subhash Ganj, Darshan colony, Dabra"
        }
    ],
    "status": "OK"
}