{
    "html_attributions": [],
    "results": [
        {
            "business_status": "OPERATIONAL",
            "geometry": {
                "location": {
                    "lat": 26.5781455,
                    "lng": 78.11095259999999
                },
                "viewport": {
                    "northeast": {
                        "lat": 26.57948617989272,
                        "lng": 78.11231577989271
                    },
                    "southwest": {
                        "lat": 26.57678652010727,
                        "lng": 78.10961612010728
                    }
                }
            },
            "icon": "https://maps.gstatic.com/mapfiles/place_api/icons/v1/png_71/shopping-71.png",
            "icon_background_color": "#4B96F3",
            "icon_mask_base_uri": "https://maps.gstatic.com/mapfiles/place_api/icons/v2/shopping_pinlet",
            "name": "Ishani General Store",
            "opening_hours": {
                "open_now": true
            },
            "photos": [
                {
                    "height": 4608,
                    "html_attributions": [
                        "<a href=\"https://maps.google.com/maps/contrib/112836969632037417429\">A Google User</a>"
                    ],
                    "photo_reference": "AcYSjRjcIeO6EfI0Zjl9Be4nsXXEY7JM3BUQwZS0Ub8BDPBWL2vLPacG0JEyukpoK1_65LerzX38WYEnsbe069C-KEhajZAAHLMB7eZx3IZh3SFW0_JboFfMLDczkQ8nGgPXboVJ5WsPzAv5o-CC4BJsh7KPNmR9DJH-Te_Q0B5GgZ105Ors",
                    "width": 3456
                }
            ],
            "place_id": "ChIJV_2Zfs6tdjkRTl9aTvThQvI",
            "plus_code": {
                "compound_code": "H4H6+79 Nawali Badagaon, Madhya Pradesh",
                "global_code": "7JRWH4H6+79"
            },
            "rating": 0,
            "reference": "ChIJV_2Zfs6tdjkRTl9aTvThQvI",
            "scope": "GOOGLE",
            "types": [
                "shopping_mall",
                "point_of_interest",
                "establishment"
            ],
            "user_ratings_total": 0,
            "vicinity": "MP SH 2, Police Line, Bhind"
        },
        {
            "business_status": "OPERATIONAL",
            "geometry": {
                "location": {
                    "lat": 26.4221709,
                    "lng": 78.0610413
                },
                "viewport": {
                    "northeast": {
                        "lat": 26.42346912989272,
                        "lng": 78.06239367989272
                    },
                    "southwest": {
                        "lat": 26.42076947010728,
                        "lng": 78.05969402010727
                    }
                }
            },
            "icon": "https://maps.gstatic.com/mapfiles/place_api/icons/v1/png_71/shopping-71.png",
            "icon_background_color": "#4B96F3",
            "icon_mask_base_uri": "https://maps.gstatic.com/mapfiles/place_api/icons/v2/shopping_pinlet",
            "name": "\u0938\u0902\u0924\u094b\u0937 \u0930\u093e\u092f\u0932",
            "place_id": "ChIJS339JHixdjkRRPPivYATgoo",
            "rating": 0,
            "reference": "ChIJS339JHixdjkRRPPivYATgoo",
            "scope": "GOOGLE",
            "types": [
                "shopping_mall",
                "point_of_interest",
                "establishment"
            ],
            "user_ratings_total": 0,
            "vicinity": "C3C6+RFW, Unname\u091f\u0947\u0915\u0930\u0940Road, Jarara"
        },
        {
            "business_status": "OPERATIONAL",
            "geometry": {
                "location": {
                    "lat": 26.4833122,
                    "lng": 78.2574039
                },
                "viewport": {
                    "northeast": {
                        "lat": 26.48432222989272,
                        "lng": 78.25899502989272
                    },
                    "southwest": {
                        "lat": 26.48162257010728,
                        "lng": 78.25629537010728
                    }
                }
            },
            "icon": "https://maps.gstatic.com/mapfiles/place_api/icons/v1/png_71/shopping-71.png",
            "icon_background_color": "#4B96F3",
            "icon_mask_base_uri": "https://maps.gstatic.com/mapfiles/place_api/icons/v2/shopping_pinlet",
            "name": "SHREE RAAM KIRANA STORE",
            "opening_hours": {
                "open_now": true
            },
            "place_id": "ChIJWczP4CS9djkRFrWpWSYEmSw",
            "rating": 3.8,
            "reference": "ChIJWczP4CS9djkRFrWpWSYEmSw",
            "scope": "GOOGLE",
            "types": [
                "shopping_mall",
                "point_of_interest",
                "establishment"
            ],
            "user_ratings_total": 5,
            "vicinity": "F7M4+9XG, Bara"
        },
        {
            "business_status": "OPERATIONAL",
            "geometry": {
                "location": {
                    "lat": 26.5640033,
                    "lng": 78.2078447
                },
                "viewport": {
                    "northeast": {
                        "lat": 26.56540232989272,
                        "lng": 78.20918327989271
                    },
                    "southwest": {
                        "lat": 26.56270267010728,
                        "lng": 78.20648362010726
                    }
                }
            },
            "icon": "https://maps.gstatic.com/mapfiles/place_api/icons/v1/png_71/shopping-71.png",
            "icon_background_color": "#4B96F3",
            "icon_mask_base_uri": "https://maps.gstatic.com/mapfiles/place_api/icons/v2/shopping_pinlet",
            "name": "Shivhare Emporium And Shoes House",
            "opening_hours": {
                "open_now": true
            },
            "place_id": "ChIJHXylkI2jdjkRrfncpaL2wOg",
            "plus_code": {
                "compound_code": "H675+J4 Khadiyahar, Madhya Pradesh",
                "global_code": "7JRWH675+J4"
            },
            "rating": 0,
            "reference": "ChIJHXylkI2jdjkRrfncpaL2wOg",
            "scope": "GOOGLE",
            "types": [
                "shopping_mall",
                "point_of_interest",
                "establishment"
            ],
            "user_ratings_total": 0,
            "vicinity": "Khadiyahar"
        },
        {
            "business_status": "OPERATIONAL",
            "geometry": {
                "location": {
                    "lat": 26.5643879,
                    "lng": 78.20853439999999
                },
                "viewport": {
                    "northeast": {
                        "lat": 26.56566387989272,
                        "lng": 78.20990137989271
                    },
                    "southwest": {
                        "lat": 26.56296422010728,
                        "lng": 78.20720172010726
                    }
                }
            },
            "icon": "https://maps.gstatic.com/mapfiles/place_api/icons/v1/png_71/shopping-71.png",
            "icon_background_color": "#4B96F3",
            "icon_mask_base_uri": "https://maps.gstatic.com/mapfiles/place_api/icons/v2/shopping_pinlet",
            "name": "Manish Bangels",
            "place_id": "ChIJAS-GTvOjdjkRpxWv2NvSKVU",
            "rating": 5,
            "reference": "ChIJAS-GTvOjdjkRpxWv2NvSKVU",
            "scope": "GOOGLE",
            "types": [
                "shopping_mall",
                "point_of_interest",
                "establishment"
            ],
            "user_ratings_total": 2,
            "vicinity": "H675+QC3, Khadiyahar"
        },
        {
            "business_status": "OPERATIONAL",
            "geometry": {
                "location": {
                    "lat": 26.5336801,
                    "lng": 78.1252572
                },
                "viewport": {
                    "northeast": {
                        "lat": 26.53508112989272,
                        "lng": 78.12663317989272
                    },
                    "southwest": {
                        "lat": 26.53238147010728,
                        "lng": 78.12393352010729
                    }
                }
            },
            "icon": "https://maps.gstatic.com/mapfiles/place_api/icons/v1/png_71/shopping-71.png",
            "icon_background_color": "#4B96F3",
            "icon_mask_base_uri": "https://maps.gstatic.com/mapfiles/place_api/icons/v2/shopping_pinlet",
            "name": "Sonu kirana store",
            "place_id": "ChIJVyXCWDOldjkR1PhpJc_x4Cg",
            "rating": 4,
            "reference": "ChIJVyXCWDOldjkR1PhpJc_x4Cg",
            "scope": "GOOGLE",
            "types": [
                "shopping_mall",
                "point_of_interest",
                "establishment"
            ],
            "user_ratings_total": 2,
            "vicinity": "G4MG+G46, Ajnaudha"
        },
        {
            "business_status": "OPERATIONAL",
            "geometry": {
                "location": {
                    "lat": 26.5392421,
                    "lng": 78.16349579999999
                },
                "viewport": {
                    "northeast": {
                        "lat": 26.54056817989272,
                        "lng": 78.16490407989272
                    },
                    "southwest": {
                        "lat": 26.53786852010728,
                        "lng": 78.16220442010727
                    }
                }
            },
            "icon": "https://maps.gstatic.com/mapfiles/place_api/icons/v1/png_71/shopping-71.png",
            "icon_background_color": "#4B96F3",
            "icon_mask_base_uri": "https://maps.gstatic.com/mapfiles/place_api/icons/v2/shopping_pinlet",
            "name": "Bhumiya Baba Kirana Store",
            "place_id": "ChIJuc07HpmldjkROxdIos3I8eQ",
            "plus_code": {
                "compound_code": "G5Q7+MC Datahara, Madhya Pradesh",
                "global_code": "7JRWG5Q7+MC"
            },
            "rating": 5,
            "reference": "ChIJuc07HpmldjkROxdIos3I8eQ",
            "scope": "GOOGLE",
            "types": [
                "shopping_mall",
                "point_of_interest",
                "establishment"
            ],
            "user_ratings_total": 1,
            "vicinity": "Datahara"
        },
        {
            "business_status": "OPERATIONAL",
            "geometry": {
                "location": {
                    "lat": 26.5782068,
                    "lng": 78.1108306
                },
                "viewport": {
                    "northeast": {
                        "lat": 26.57952187989272,
                        "lng": 78.11222997989273
                    },
                    "southwest": {
                        "lat": 26.57682222010728,
                        "lng": 78.10953032010728
                    }
                }
            },
            "icon": "https://maps.gstatic.com/mapfiles/place_api/icons/v1/png_71/shopping-71.png",
            "icon_background_color": "#4B96F3",
            "icon_mask_base_uri": "https://maps.gstatic.com/mapfiles/place_api/icons/v2/shopping_pinlet",
            "name": "Ganesh Snacks Kailaras",
            "opening_hours": {
                "open_now": false
            },
            "photos": [
                {
                    "height": 2448,
                    "html_attributions": [
                        "<a href=\"https://maps.google.com/maps/contrib/110074505970513318737\">Lokendra Singh</a>"
                    ],
                    "photo_reference": "AcYSjRhcPefKpWkIvEVITjlD-03irnw0OqJ4F_oIqlsxIE6V1_R7UEXF3mCeE5JIyRnOo5cWUsXQ24-rOfcxMXIujsruquFpHqn-u8ctB-pAyMfCI_Op4cDpw6Ih3eiu6jvwQAYdIhqz6wj6XU4DnxfGH4sw4mkbTSpUbgUyqvl-gjjpsQ5g",
                    "width": 3264
                }
            ],
            "place_id": "ChIJNRK49_-ldjkRK3UGxQQMPk8",
            "plus_code": {
                "compound_code": "H4H6+78 Nawali Badagaon, Madhya Pradesh",
                "global_code": "7JRWH4H6+78"
            },
            "rating": 2,
            "reference": "ChIJNRK49_-ldjkRK3UGxQQMPk8",
            "scope": "GOOGLE",
            "types": [
                "shopping_mall",
                "point_of_interest",
                "establishment"
            ],
            "user_ratings_total": 2,
            "vicinity": "Ambah - Morena Rd, Nawali Badagaon"
        }
    ],
    "status": "OK"
}