{
    "html_attributions": [],
    "results": [
        {
            "business_status": "OPERATIONAL",
            "geometry": {
                "location": {
                    "lat": 26.5849248,
                    "lng": 78.2543579
                },
                "viewport": {
                    "northeast": {
                        "lat": 26.58625047989272,
                        "lng": 78.25570222989272
                    },
                    "southwest": {
                        "lat": 26.58355082010728,
                        "lng": 78.25300257010728
                    }
                }
            },
            "icon": "https://maps.gstatic.com/mapfiles/place_api/icons/v1/png_71/park-71.png",
            "icon_background_color": "#4DB546",
            "icon_mask_base_uri": "https://maps.gstatic.com/mapfiles/place_api/icons/v2/tree_pinlet",
            "name": "Kakanmath Temple Park",
            "photos": [
                {
                    "height": 1245,
                    "html_attributions": [
                        "<a href=\"https://maps.google.com/maps/contrib/106704403622513023741\">vinod rawat</a>"
                    ],
                    "photo_reference": "AcYSjRjfhdJSRx2lW24eKxub5BD4nZUeaD1Fy4KtlnsjFrXoZ8iN71_cXALP-d_Rj7C_ah4IA9yCtQeVER82Ow2o-6nWd5RG-Nder1lqFjYoX0VkS2oEtXw3Kl5Rrq5otIJz0lbASn9nmzQ2r_MQ0Br33pSd8JfIbV4idzVSjSEWom45EHfh",
                    "width": 2048
                }
            ],
            "place_id": "ChIJx-Yx8Y2jdjkReOwJkL2NCXQ",
            "rating": 4.3,
            "reference": "ChIJx-Yx8Y2jdjkReOwJkL2NCXQ",
            "scope": "GOOGLE",
            "types": [
                "park",
                "point_of_interest",
                "establishment"
            ],
            "user_ratings_total": 4,
            "vicinity": "H7M3+XP9, Bawadipura"
        },
        {
            "business_status": "OPERATIONAL",
            "geometry": {
                "location": {
                    "lat": 26.517437,
                    "lng": 78.241299
                },
                "viewport": {
                    "northeast": {
                        "lat": 26.51872327989272,
                        "lng": 78.24266207989272
                    },
                    "southwest": {
                        "lat": 26.51602362010728,
                        "lng": 78.23996242010728
                    }
                }
            },
            "icon": "https://maps.gstatic.com/mapfiles/place_api/icons/v1/png_71/park-71.png",
            "icon_background_color": "#4DB546",
            "icon_mask_base_uri": "https://maps.gstatic.com/mapfiles/place_api/icons/v2/tree_pinlet",
            "name": "Gorav parmar",
            "place_id": "ChIJV3gdd3ajdjkRvX3rD_Hf4_0",
            "rating": 5,
            "reference": "ChIJV3gdd3ajdjkRvX3rD_Hf4_0",
            "scope": "GOOGLE",
            "types": [
                "park",
                "point_of_interest",
                "establishment"
            ],
            "user_ratings_total": 1,
            "vicinity": "G68R+XG, Baknasa"
        },
        {
            "business_status": "OPERATIONAL",
            "geometry": {
                "location": {
                    "lat": 26.5264046,
                    "lng": 78.25198089999999
                },
                "viewport": {
                    "northeast": {
                        "lat": 26.52781907989272,
                        "lng": 78.25334972989272
                    },
                    "southwest": {
                        "lat": 26.52511942010728,
                        "lng": 78.25065007010728
                    }
                }
            },
            "icon": "https://maps.gstatic.com/mapfiles/place_api/icons/v1/png_71/park-71.png",
            "icon_background_color": "#4DB546",
            "icon_mask_base_uri": "https://maps.gstatic.com/mapfiles/place_api/icons/v2/tree_pinlet",
            "name": "Jagannath Puri Gurjar (Kethoda)",
            "place_id": "ChIJfcDPZlWjdjkRpIB5TR9XuYM",
            "rating": 5,
            "reference": "ChIJfcDPZlWjdjkRpIB5TR9XuYM",
            "scope": "GOOGLE",
            "types": [
                "park",
                "point_of_interest",
                "establishment"
            ],
            "user_ratings_total": 2,
            "vicinity": "G7G2+HQ, Kaithoa"
        },
        {
            "business_status": "OPERATIONAL",
            "geometry": {
                "location": {
                    "lat": 26.4491819,
                    "lng": 78.1469226
                },
                "viewport": {
                    "northeast": {
                        "lat": 26.45056047989272,
                        "lng": 78.14829697989272
                    },
                    "southwest": {
                        "lat": 26.44786082010728,
                        "lng": 78.14559732010727
                    }
                }
            },
            "icon": "https://maps.gstatic.com/mapfiles/place_api/icons/v1/png_71/park-71.png",
            "icon_background_color": "#4DB546",
            "icon_mask_base_uri": "https://maps.gstatic.com/mapfiles/place_api/icons/v2/tree_pinlet",
            "name": "Bhind Main Canal",
            "photos": [
                {
                    "height": 3024,
                    "html_attributions": [
                        "<a href=\"https://maps.google.com/maps/contrib/110478503026184999542\">dev Mehra</a>"
                    ],
                    "photo_reference": "AcYSjRij9K63h_y6BCyhNnawAdpF16p6DkCz-gwoIEiI2HtmQHlHCk_klu4jyAM_I0_7KqVSAtS-PiXSKyOE3UJ_ciEAS3Y4iwZUjHM1yZfVlL4011hWVOpLr_ckb0oepU31wplDaDn4wxh8R2Ibq8GYVmu_JeFhjRNe1z8M-Vrmjeafe9aO",
                    "width": 4032
                }
            ],
            "place_id": "ChIJ7XCFRkO7djkRFLUJiNQsoGg",
            "rating": 5,
            "reference": "ChIJ7XCFRkO7djkRFLUJiNQsoGg",
            "scope": "GOOGLE",
            "types": [
                "park",
                "point_of_interest",
                "establishment"
            ],
            "user_ratings_total": 1,
            "vicinity": "C4XW+MQF, Bhind Main Canal, Narsinghpur"
        },
        {
            "business_status": "OPERATIONAL",
            "geometry": {
                "location": {
                    "lat": 26.4512783,
                    "lng": 78.1460517
                },
                "viewport": {
                    "northeast": {
                        "lat": 26.45262422989272,
                        "lng": 78.14739062989273
                    },
                    "southwest": {
                        "lat": 26.44992457010728,
                        "lng": 78.14469097010728
                    }
                }
            },
            "icon": "https://maps.gstatic.com/mapfiles/place_api/icons/v1/png_71/park-71.png",
            "icon_background_color": "#4DB546",
            "icon_mask_base_uri": "https://maps.gstatic.com/mapfiles/place_api/icons/v2/tree_pinlet",
            "name": "Narsinghpur Dam Morena",
            "photos": [
                {
                    "height": 2448,
                    "html_attributions": [
                        "<a href=\"https://maps.google.com/maps/contrib/104614357021723538407\">shahid ali</a>"
                    ],
                    "photo_reference": "AcYSjRi06PteAqouzPqvKHRGp3JRu8XSqp3BXD3m_0YdSL2lI6_ZCeaEFnBFc21PN55V5gnq-pJG7oFoNjO6ew0sCTQwFd-PIezoVAg8jUYDwUQQTT1FMxe_ajT18JXVGgz7yns2UZMjkNw_Noqxvo4S3Lew_4dazHpuyZN-xIwKjEjGfrrb",
                    "width": 3264
                }
            ],
            "place_id": "ChIJn_z7TNu7djkRUbAl7B692GE",
            "rating": 3.7,
            "reference": "ChIJn_z7TNu7djkRUbAl7B692GE",
            "scope": "GOOGLE",
            "types": [
                "park",
                "point_of_interest",
                "establishment"
            ],
            "user_ratings_total": 3,
            "vicinity": "F42W+GC, Narsinghpur"
        }
    ],
    "status": "OK"
}