{
    "html_attributions": [],
    "results": [
        {
            "business_status": "OPERATIONAL",
            "geometry": {
                "location": {
                    "lat": 27.1552101,
                    "lng": 78.0475302
                },
                "viewport": {
                    "northeast": {
                        "lat": 27.15655302989272,
                        "lng": 78.04887887989271
                    },
                    "southwest": {
                        "lat": 27.15385337010727,
                        "lng": 78.04617922010726
                    }
                }
            },
            "icon": "https://maps.gstatic.com/mapfiles/place_api/icons/v1/png_71/generic_business-71.png",
            "icon_background_color": "#7B9EB0",
            "icon_mask_base_uri": "https://maps.gstatic.com/mapfiles/place_api/icons/v2/generic_pinlet",
            "name": "Northern India Travels",
            "opening_hours": {
                "open_now": true
            },
            "photos": [
                {
                    "height": 760,
                    "html_attributions": [
                        "<a href=\"https://maps.google.com/maps/contrib/112813235112066249896\">Northern India Travels</a>"
                    ],
                    "photo_reference": "AcYSjRh5_c1wyUSYq0EOd09h1bZCJS-_s5V_DEAee5ikWwZsdU-1DfcrEXgFSOZybqrrdrSmB1rEAWrhNwgSW60pCwop0-1V_0qCU_4-FZc3jOhpoGhglgrD3oXeLF4vUVt60qu7SjxyAzNxEAJkSSSaOLPwHtIjaTH8yKuxy2ps2njWR8fB",
                    "width": 1234
                }
            ],
            "place_id": "ChIJ9Xy6nxRxdDkRYUPMUqE7eDE",
            "plus_code": {
                "compound_code": "524X+32 Agra, Uttar Pradesh",
                "global_code": "7JVW524X+32"
            },
            "rating": 5,
            "reference": "ChIJ9Xy6nxRxdDkRYUPMUqE7eDE",
            "scope": "GOOGLE",
            "types": [
                "travel_agency",
                "point_of_interest",
                "establishment"
            ],
            "user_ratings_total": 3,
            "vicinity": "3/160-A, Katra Fulel, Tajganj, Agra"
        },
        {
            "business_status": "OPERATIONAL",
            "geometry": {
                "location": {
                    "lat": 27.1751448,
                    "lng": 78.0421422
                },
                "viewport": {
                    "northeast": {
                        "lat": 27.1772325,
                        "lng": 78.04546859999999
                    },
                    "southwest": {
                        "lat": 27.1688817,
                        "lng": 78.03880380000001
                    }
                }
            },
            "icon": "https://maps.gstatic.com/mapfiles/place_api/icons/v1/png_71/museum-71.png",
            "icon_background_color": "#7B9EB0",
            "icon_mask_base_uri": "https://maps.gstatic.com/mapfiles/place_api/icons/v2/monument_pinlet",
            "name": "Taj Mahal",
            "opening_hours": {
                "open_now": true
            },
            "photos": [
                {
                    "height": 475,
                    "html_attributions": [
                        "<a href=\"https://maps.google.com/maps/contrib/103218719750147694498\">A Google User</a>"
                    ],
                    "photo_reference": "AcYSjRiWfwBSN11n_unm0e2aksQYY-T4I_vKoRRaMrkuaNzQdj0qjEM4EnMexD5o72VXkGln4I9_IDLuFhNs7C2mH4sKdrbPoHeuFvPRoJAKh4sqmHHXdM5QlWk0INmfoqkfUnlpLBLoEo4gDs9IyMosJrDF0tvMc3bSwvJrE1lNYri6P4Xw",
                    "width": 730
                }
            ],
            "place_id": "ChIJbf8C1yFxdDkR3n12P4DkKt0",
            "plus_code": {
                "compound_code": "52GR+3V Agra, Uttar Pradesh",
                "global_code": "7JVW52GR+3V"
            },
            "rating": 4.6,
            "reference": "ChIJbf8C1yFxdDkR3n12P4DkKt0",
            "scope": "GOOGLE",
            "types": [
                "tourist_attraction",
                "point_of_interest",
                "establishment"
            ],
            "user_ratings_total": 195163,
            "vicinity": "Dharmapuri, Forest Colony, Tajganj, Agra"
        },
        {
            "business_status": "OPERATIONAL",
            "geometry": {
                "location": {
                    "lat": 27.183735,
                    "lng": 77.988132
                },
                "viewport": {
                    "northeast": {
                        "lat": 27.18508627989272,
                        "lng": 77.9894462298927
                    },
                    "southwest": {
                        "lat": 27.18238662010727,
                        "lng": 77.98674657010727
                    }
                }
            },
            "icon": "https://maps.gstatic.com/mapfiles/place_api/icons/v1/png_71/generic_business-71.png",
            "icon_background_color": "#7B9EB0",
            "icon_mask_base_uri": "https://maps.gstatic.com/mapfiles/place_api/icons/v2/generic_pinlet",
            "name": "Rolling Edges",
            "opening_hours": {
                "open_now": false
            },
            "photos": [
                {
                    "height": 312,
                    "html_attributions": [
                        "<a href=\"https://maps.google.com/maps/contrib/117370034317440560277\">A Google User</a>"
                    ],
                    "photo_reference": "AcYSjRjj5ouJ1GvTAnwtiFPz_z3nPw1uJQg8VgjFhLgoDqjuNn_a2CY4MKrQTv-r4NM-5oGadVQ_thK0T27Yn2jFXO_Pv2vaD82_eINDkqVN5Pn03v8AtA5hili-75NNG4EosHvsJzA_hqByP3J8lfjOoLgYV7Pbwu0C4hZPce8nZK2VwB15",
                    "width": 820
                }
            ],
            "place_id": "ChIJl61QLC13dDkRYjNv-NZR-c0",
            "plus_code": {
                "compound_code": "5XMQ+F7 Agra, Uttar Pradesh",
                "global_code": "7JVV5XMQ+F7"
            },
            "rating": 0,
            "reference": "ChIJl61QLC13dDkRYjNv-NZR-c0",
            "scope": "GOOGLE",
            "types": [
                "travel_agency",
                "point_of_interest",
                "establishment"
            ],
            "user_ratings_total": 0,
            "vicinity": "55, Gajanan Nagar, Hasanpur, Shahganj, Agra"
        },
        {
            "business_status": "OPERATIONAL",
            "geometry": {
                "location": {
                    "lat": 27.1643953,
                    "lng": 78.0559747
                },
                "viewport": {
                    "northeast": {
                        "lat": 27.16574512989272,
                        "lng": 78.05732452989272
                    },
                    "southwest": {
                        "lat": 27.16304547010728,
                        "lng": 78.05462487010728
                    }
                }
            },
            "icon": "https://maps.gstatic.com/mapfiles/place_api/icons/v1/png_71/shopping-71.png",
            "icon_background_color": "#4B96F3",
            "icon_mask_base_uri": "https://maps.gstatic.com/mapfiles/place_api/icons/v2/shopping_pinlet",
            "name": "Suman Hardware",
            "place_id": "ChIJT-a8tjdxdDkRJlB0gRHd-co",
            "plus_code": {
                "compound_code": "5374+Q9 Agra, Uttar Pradesh",
                "global_code": "7JVW5374+Q9"
            },
            "rating": 0,
            "reference": "ChIJT-a8tjdxdDkRJlB0gRHd-co",
            "scope": "GOOGLE",
            "types": [
                "electronics_store",
                "store",
                "point_of_interest",
                "establishment"
            ],
            "user_ratings_total": 0,
            "vicinity": "Taj East Gate Rd, Taj Nagari Phase 1, Telipara, Tajganj, Agra"
        },
        {
            "business_status": "OPERATIONAL",
            "geometry": {
                "location": {
                    "lat": 27.1730048,
                    "lng": 78.0400002
                },
                "viewport": {
                    "northeast": {
                        "lat": 27.17420107989273,
                        "lng": 78.04163745
                    },
                    "southwest": {
                        "lat": 27.17150142010728,
                        "lng": 78.03789565
                    }
                }
            },
            "icon": "https://maps.gstatic.com/mapfiles/place_api/icons/v1/png_71/restaurant-71.png",
            "icon_background_color": "#FF9E67",
            "icon_mask_base_uri": "https://maps.gstatic.com/mapfiles/place_api/icons/v2/restaurant_pinlet",
            "name": "Ashwini Family Rooms",
            "place_id": "ChIJ4zIZWARxdDkROgrZCLt70pA",
            "plus_code": {
                "compound_code": "52FR+62 Agra, Uttar Pradesh",
                "global_code": "7JVW52FR+62"
            },
            "rating": 0,
            "reference": "ChIJ4zIZWARxdDkROgrZCLt70pA",
            "scope": "GOOGLE",
            "types": [
                "restaurant",
                "food",
                "point_of_interest",
                "establishment"
            ],
            "user_ratings_total": 0,
            "vicinity": "Arnala Beach Rd, Dharmapuri, Dhaspada, Virar West, Vasai-Virar"
        },
        {
            "business_status": "OPERATIONAL",
            "geometry": {
                "location": {
                    "lat": 27.1477776,
                    "lng": 78.0347681
                },
                "viewport": {
                    "northeast": {
                        "lat": 27.14913172989272,
                        "lng": 78.03607747989271
                    },
                    "southwest": {
                        "lat": 27.14643207010728,
                        "lng": 78.03337782010728
                    }
                }
            },
            "icon": "https://maps.gstatic.com/mapfiles/place_api/icons/v1/png_71/shopping-71.png",
            "icon_background_color": "#4B96F3",
            "icon_mask_base_uri": "https://maps.gstatic.com/mapfiles/place_api/icons/v2/shopping_pinlet",
            "name": "Fashion Point",
            "opening_hours": {
                "open_now": true
            },
            "photos": [
                {
                    "height": 1273,
                    "html_attributions": [
                        "<a href=\"https://maps.google.com/maps/contrib/115797465140900598667\">Shubhashish Verma</a>"
                    ],
                    "photo_reference": "AcYSjRiXrEML0Bw6PnS6Ws6Yg_2TyHte4eDOHfy6XVgzG4QfmdslEq7H5ux0ZbMPnmabMkuoFm0O-0L0JZMMlPx1ceY8m08mYCgxTe9WW4IK23KQ5KXxpJEyqYFpk1uPNK0pT9tvTbr3mc9zyx4Ja-qb425NSru6cgE-_otnVsiIfIqhMpLr",
                    "width": 720
                }
            ],
            "place_id": "ChIJqcgAkUZxdDkRefthA81kSmM",
            "plus_code": {
                "compound_code": "42XM+4W Agra, Uttar Pradesh",
                "global_code": "7JVW42XM+4W"
            },
            "rating": 4.1,
            "reference": "ChIJqcgAkUZxdDkRefthA81kSmM",
            "scope": "GOOGLE",
            "types": [
                "clothing_store",
                "store",
                "point_of_interest",
                "establishment"
            ],
            "user_ratings_total": 12,
            "vicinity": "Shop No.27 & 28, Mittal Complex, Kaulakha - Ukharra Rd, Sanjey Nagar, Shamsabad, Agra"
        },
        {
            "business_status": "OPERATIONAL",
            "geometry": {
                "location": {
                    "lat": 27.1730048,
                    "lng": 78.0400002
                },
                "viewport": {
                    "northeast": {
                        "lat": 27.17420107989273,
                        "lng": 78.04163745
                    },
                    "southwest": {
                        "lat": 27.17150142010728,
                        "lng": 78.03789565
                    }
                }
            },
            "icon": "https://maps.gstatic.com/mapfiles/place_api/icons/v1/png_71/shopping-71.png",
            "icon_background_color": "#4B96F3",
            "icon_mask_base_uri": "https://maps.gstatic.com/mapfiles/place_api/icons/v2/shoppingcart_pinlet",
            "name": "Ganpati Traders",
            "place_id": "ChIJL6fypxtxdDkR1vEBgguoxQE",
            "plus_code": {
                "compound_code": "52FR+62 Agra, Uttar Pradesh",
                "global_code": "7JVW52FR+62"
            },
            "rating": 0,
            "reference": "ChIJL6fypxtxdDkR1vEBgguoxQE",
            "scope": "GOOGLE",
            "types": [
                "grocery_or_supermarket",
                "store",
                "food",
                "point_of_interest",
                "establishment"
            ],
            "user_ratings_total": 0,
            "vicinity": "18, Sikar"
        },
        {
            "business_status": "OPERATIONAL",
            "geometry": {
                "location": {
                    "lat": 27.1730036,
                    "lng": 78.0400002
                },
                "viewport": {
                    "northeast": {
                        "lat": 27.17419992989272,
                        "lng": 78.04163724999998
                    },
                    "southwest": {
                        "lat": 27.17150027010728,
                        "lng": 78.03789625
                    }
                }
            },
            "icon": "https://maps.gstatic.com/mapfiles/place_api/icons/v1/png_71/shopping-71.png",
            "icon_background_color": "#4B96F3",
            "icon_mask_base_uri": "https://maps.gstatic.com/mapfiles/place_api/icons/v2/shopping_pinlet",
            "name": "Junaid General Store",
            "place_id": "ChIJZ7vxBfFxdDkRmT9euZTRrKc",
            "plus_code": {
                "compound_code": "52FR+62 Agra, Uttar Pradesh",
                "global_code": "7JVW52FR+62"
            },
            "rating": 0,
            "reference": "ChIJZ7vxBfFxdDkRmT9euZTRrKc",
            "scope": "GOOGLE",
            "types": [
                "store",
                "food",
                "point_of_interest",
                "establishment"
            ],
            "user_ratings_total": 0,
            "vicinity": "Shop No.4 Near, Baga Beach, Baga"
        }
    ],
    "status": "OK"
}