{
    "html_attributions": [],
    "results": [
        {
            "business_status": "OPERATIONAL",
            "geometry": {
                "location": {
                    "lat": 27.8935692,
                    "lng": 77.858623
                },
                "viewport": {
                    "northeast": {
                        "lat": 27.89490362989272,
                        "lng": 77.85987702989273
                    },
                    "southwest": {
                        "lat": 27.89220397010728,
                        "lng": 77.85717737010728
                    }
                }
            },
            "icon": "https://maps.gstatic.com/mapfiles/place_api/icons/v1/png_71/bar-71.png",
            "icon_background_color": "#FF9E67",
            "icon_mask_base_uri": "https://maps.gstatic.com/mapfiles/place_api/icons/v2/bar_pinlet",
            "name": "Beer Shop",
            "opening_hours": {
                "open_now": true
            },
            "photos": [
                {
                    "height": 3120,
                    "html_attributions": [
                        "<a href=\"https://maps.google.com/maps/contrib/106549242624148166475\">A Google User</a>"
                    ],
                    "photo_reference": "AcYSjRjJXtvrxq54mQYCrbpdvzplpKNlJ73wf4dTVssyktBCE30eExtBm9GAZFxxYvoPI2JwxQEhPBqRqtprwwMq4urcjeXr4l_K3494Q_YW0wptjDDK5TfzZLsH0Gl9bm1XzjhsAuMqZDwK2R8SM66wEGmWmwbGcEG5mVHpiBzX6P8MqrhJ",
                    "width": 4160
                }
            ],
            "place_id": "ChIJXxZZRHNZczkROUkVa81p4rA",
            "rating": 3.8,
            "reference": "ChIJXxZZRHNZczkROUkVa81p4rA",
            "scope": "GOOGLE",
            "types": [
                "bar",
                "point_of_interest",
                "establishment"
            ],
            "user_ratings_total": 16,
            "vicinity": "VVV5+CFJ, Aligarh"
        },
        {
            "business_status": "OPERATIONAL",
            "geometry": {
                "location": {
                    "lat": 27.8513618,
                    "lng": 77.8290109
                },
                "viewport": {
                    "northeast": {
                        "lat": 27.85273062989272,
                        "lng": 77.83034342989272
                    },
                    "southwest": {
                        "lat": 27.85003097010728,
                        "lng": 77.82764377010729
                    }
                }
            },
            "icon": "https://maps.gstatic.com/mapfiles/place_api/icons/v1/png_71/bar-71.png",
            "icon_background_color": "#FF9E67",
            "icon_mask_base_uri": "https://maps.gstatic.com/mapfiles/place_api/icons/v2/bar_pinlet",
            "name": "marhi",
            "opening_hours": {
                "open_now": true
            },
            "place_id": "ChIJR7WVYgdcczkRdK8oQdNhNzc",
            "rating": 3.9,
            "reference": "ChIJR7WVYgdcczkRdK8oQdNhNzc",
            "scope": "GOOGLE",
            "types": [
                "bar",
                "point_of_interest",
                "establishment"
            ],
            "user_ratings_total": 13,
            "vicinity": "VR2H+GJR, Hraday Ki Nagariya"
        }
    ],
    "status": "OK"
}